code,name,ability,imageUrl,deckId,kind,bgg_search
A085,자택 경비원,우리와 밭에 동시에 인접한 흙방이나 돌방 딱 1개에 추가로 가족 1명을 더 수용할 수 있습니다.,,a,occupations,https://boardgamegeek.com/geeksearch.php?action=search&objecttype=boardgameaccessory&q=agricola+Homekeeper
A086,가축 조련사,이 카드를 내려놓으면 즉시 <WOOD> 1개나 <GRAIN> 1개를 가져옵니다. 집에 있는 방 1개마다 가축 1마리씩을 키울 수 있습니다. 방마다 서로 다른 가축을 키워도 됩니다.,,a,occupations,https://boardgamegeek.com/geeksearch.php?action=search&objecttype=boardgameaccessory&q=agricola+Animal+Tamer
A087,재산 관리인,나무집을 바로 돌집으로 고칠 수 있습니다. 흙집으로 고치는 과정이 필요하지 않습니다. 돌집으로 고치는 비용은 정상적으로 냅니다.,,a,occupations,https://boardgamegeek.com/geeksearch.php?action=search&objecttype=boardgameaccessory&q=agricola+Conservator
A088,산울타리지기,"울타리 치기  행동을 할 때, 울타리 3개는 <WOOD>를 내지 않고 칠 수 있습니다.",,a,occupations,https://boardgamegeek.com/geeksearch.php?action=search&objecttype=boardgameaccessory&q=agricola+Hedge+Keeper
A089,외양간 설계사,"현재 라운드에 3, 6, 9를 더한 라운드 칸에 외양간 1개씩을 놓을 수 있습니다. 각 칸마다 놓을지 말지 따로 결정합니다. 해당 라운드가 시작될 때마다, 이 외양간을 비용을 내지 않고 지을 수 있습니다. 해당 라운드가 되기 전에는 사용할 수 없습니다.",,a,occupations,https://boardgamegeek.com/geeksearch.php?action=search&objecttype=boardgameaccessory&q=agricola+Stable+Planner
A090,쟁기 몰이꾼,"돌집에 살고 있다면, 매 라운드가 시작될 때, <FOOD> 1개를 내고 밭 1개를 일굴 수 있습니다.",,a,occupations,https://boardgamegeek.com/geeksearch.php?action=search&objecttype=boardgameaccessory&q=agricola+Plow+Driver
A091,이동 경작가,"나무 누적 칸을 이용할 때, <FOOD> 3개를 내고 밭 1개를 일굴 수 있습니다.",,a,occupations,https://boardgamegeek.com/geeksearch.php?action=search&objecttype=boardgameaccessory&q=agricola+Shifting+Cultivator
A092,양부모,"<FOOD> 1개를 내고 새로 생긴 자식을 해당 라운드에 바로 행동시킬 수 있습니다. 이 경우 이 자식은 ""신생아""로 보지 않습니다.",,a,occupations,https://boardgamegeek.com/geeksearch.php?action=search&objecttype=boardgameaccessory&q=agricola+Adoptive+Parents
A093,침대 제작자,"방을 만들 때마다, <WOOD> 1개와 <GRAIN> 1개를 추가로 내고 즉시  빈 방이 있어야만 가족 늘리기  행동을 할 수 있습니다.",,a,occupations,https://boardgamegeek.com/geeksearch.php?action=search&objecttype=boardgameaccessory&q=agricola+Bed+Maker
A094,게으른 파종꾼,"내 차례에 조건 없는  씨 뿌리기  행동을 하지 않고 넘길 때마다, 즉시 내 가족 말 하나를 (고른 칸이 이미 차 있어도) 원하는 행동 칸에 놓아 이용할 수 있습니다.",,a,occupations,https://boardgamegeek.com/geeksearch.php?action=search&objecttype=boardgameaccessory&q=agricola+Lazy+Sowman
A095,낚시광,"2개 이하의 <FOOD>이 놓인  낚시  누적 칸을 이용할 때마다, 그 직후에 즉시  주요 설비나 보조 설비  행동을 얻습니다.",,a,occupations,https://boardgamegeek.com/geeksearch.php?action=search&objecttype=boardgameaccessory&q=agricola+Angler
A096,기능 장인,"이 카드를 놓을 때, 그리고 라운드 준비 단계에 돌 누적 칸이 라운드 칸에 나타날 때마다, <WOOD> 1개를 가져오고  보조 설비  행동을 얻습니다.",,a,occupations,https://boardgamegeek.com/geeksearch.php?action=search&objecttype=boardgameaccessory&q=agricola+Task+Artisan
A097,신입생,"차례마다 1번만,  빵 굽기  행동을 얻을 때, 행동을 하는 대신 직업 1개를 비용을 내지 않고 내려놓을 수 있습니다.",,a,occupations,https://boardgamegeek.com/geeksearch.php?action=search&objecttype=boardgameaccessory&q=agricola+Freshman
A098,외양간 건축가,"점수를 계산할 때, 농장판의 울타리 치지 않은 외양간마다 추가 <SCORE> 1점을 받습니다.",,a,occupations,https://boardgamegeek.com/geeksearch.php?action=search&objecttype=boardgameaccessory&q=agricola+Stable+Architect
A099,방목하는 사람,"점수를 계산할 때, 농장 3칸 이상을 차지하는 우리 1개마다 추가 <SCORE> 2점을 받습니다.",,a,occupations,https://boardgamegeek.com/geeksearch.php?action=search&objecttype=boardgameaccessory&q=agricola+Fellow+Grazer
A100,큐레이터,"매 라운드의 집에 돌아오기 단계에서, 누적 칸에서 내 가족 말이 3개 이상 돌아왔다면, <FOOD> 1개를 내고 추가 <SCORE> 1점을 받을 수 있습니다.",,a,occupations,https://boardgamegeek.com/geeksearch.php?action=search&objecttype=boardgameaccessory&q=agricola+Curator
A101,조리 도구상,"점수를 계산할 때, 내려놓은 화로 계열 설비마다 추가 <SCORE> 1점을 받습니다. (가마는 화로 계열 설비로 간주하지 않습니다)",,a,occupations,https://boardgamegeek.com/geeksearch.php?action=search&objecttype=boardgameaccessory&q=agricola+Cookery+Outfitter
A102,잡화상인,"매 라운드가 시작될 때마다, 다음 중 하나를 고를 수 있습니다: <CATTLE> 1마리 <ARROW> <VEGETABLE> 1개; <VEGETABLE> 1개 <ARROW> <CATTLE> 1마리; <SHEEP> 2마리 <ARROW> <VEGETABLE> 1개; <VEGETABLE> 1개 <ARROW> <SHEEP> 2마리; <FOOD> 2개 <ARROW> <GRAIN> 1개; <GRAIN> 1개 <ARROW> <FOOD> 2개",,a,occupations,https://boardgamegeek.com/geeksearch.php?action=search&objecttype=boardgameaccessory&q=agricola+Grocer
A103,항구 중개인,"음식 누적 칸에서 <FOOD> 1/2/3+개를 가져올 때마다, <VEGETABLE>/<GRAIN>/<REED> 1개를 추가로 가져옵니다.",,a,occupations,https://boardgamegeek.com/geeksearch.php?action=search&objecttype=boardgameaccessory&q=agricola+Portmonger
A104,나무 수확하는 사람,"수확 중 농장 단계마다, <WOOD> 2개/<WOOD> 3개 이상이 있는 나무 누적 칸마다 <WOOD> 1개/<FOOD> 1개를 가져옵니다.",,a,occupations,https://boardgamegeek.com/geeksearch.php?action=search&objecttype=boardgameaccessory&q=agricola+Wood+Harvester
A105,수레 미는 사람,"새로 가져오는 밭 타일마다, <CLAY> 1개와 <FOOD> 1개를 추가로 가져옵니다.",,a,occupations,https://boardgamegeek.com/geeksearch.php?action=search&objecttype=boardgameaccessory&q=agricola+Barrow+Pusher
A106,비료 뿌리는 사람,"매 수확의 농장 단계에서, 밭에 마지막으로 남은 <GRAIN>/<VEGETABLE>를 가져올 때마다 <FOOD> 2개/<FOOD> 1개를 추가로 가져옵니다.",,a,occupations,https://boardgamegeek.com/geeksearch.php?action=search&objecttype=boardgameaccessory&q=agricola+Slurry+Spreader
A107,파수꾼,"날품팔이  행동 칸을 이용할 때마다, <FOOD> 2개 대신 공동 창고에서 서로 다른 가축 3마리를 가져올 수 있습니다. 이 경우 남은 수확 횟수만큼 <FOOD>을 내야 합니다.",,a,occupations,https://boardgamegeek.com/geeksearch.php?action=search&objecttype=boardgameaccessory&q=agricola+Catcher
A108,버섯 따는 사람,"<WOOD> 누적 칸을 이용할 때, <WOOD> 1개를 그 칸에 남겨 놓고 <FOOD> 2개를 대신 가져올 수 있습니다.",,a,occupations,https://boardgamegeek.com/geeksearch.php?action=search&objecttype=boardgameaccessory&q=agricola+Mushroom+Collector
A109,소상인,"주요 설비나 보조 설비  행동으로 자신의 손에 있던 설비를 내려놓을 때마다, <FOOD> 3개를 추가로 가져옵니다.",,a,occupations,https://boardgamegeek.com/geeksearch.php?action=search&objecttype=boardgameaccessory&q=agricola+Small+Trader
A110,초벽질공,"흙집에 방을 1개 이상 만들거나 흙집을 돌집으로 고칠 때, <FOOD> 3개를 가져옵니다.",,a,occupations,https://boardgamegeek.com/geeksearch.php?action=search&objecttype=boardgameaccessory&q=agricola+Roughcaster
A111,벽 건축가,"방을 1개 이상 만들 때, 다음 라운드 칸 4개에 <FOOD> 1개씩을 놓습니다. 해당 라운드가 시작될 때마다 이 <FOOD>을 가져옵니다.",,a,occupations,https://boardgamegeek.com/geeksearch.php?action=search&objecttype=boardgameaccessory&q=agricola+Wall+Builder
A112,큰낫 일꾼,"이 카드를 내려놓으면 즉시 <GRAIN> 1개를 가져옵니다. 수확 중 농장 단계에서, 곡식밭에서 <GRAIN> 1개씩을 추가로 수확할 수 있습니다.",,a,occupations,https://boardgamegeek.com/geeksearch.php?action=search&objecttype=boardgameaccessory&q=agricola+Scythe+Worker
A113,#N/A,번역 결과 없음,,a,occupations,https://boardgamegeek.com/geeksearch.php?action=search&objecttype=boardgameaccessory&q=agricola+Heresy+Teacher
A114,농번기 일꾼,"날품팔이  행동 칸을 이용할 때, <GRAIN> 1개를 추가로 가져옵니다. 6라운드부터는 곡식 대신 <VEGETABLE> 1개를 가져올 수도 있습니다.",,a,occupations,https://boardgamegeek.com/geeksearch.php?action=search&objecttype=boardgameaccessory&q=agricola+Seasonal+Worker
A115,삼림 감독관,"나무 누적 칸을 이용할 때마다, 밭 딱 1개에만 추가로  씨 뿌리기  행동을 할 수 있습니다.",,a,occupations,https://boardgamegeek.com/geeksearch.php?action=search&objecttype=boardgameaccessory&q=agricola+Chief+Forester
A116,나무꾼,"나무 누적 칸을 이용할 때, <WOOD> 1개를 추가로 가져옵니다.",,a,occupations,https://boardgamegeek.com/geeksearch.php?action=search&objecttype=boardgameaccessory&q=agricola+Wood+Cutter
A117,나무 운반업자,"이 카드를 놓을 때, 즉시 내 앞에 놓인 설비 1개마다 <WOOD> 1개씩을 가져옵니다.",,a,occupations,https://boardgamegeek.com/geeksearch.php?action=search&objecttype=boardgameaccessory&q=agricola+Wood+Carrier
A118,나무 정원사,"수확 중 농장 단계마다, <WOOD> 1개를 가져옵니다. 또한 나무를 2개까지 추가로 구입할 수 있습니다. 구입 비용은 <WOOD> 1개당 <FOOD> 1개입니다.",,a,occupations,https://boardgamegeek.com/geeksearch.php?action=search&objecttype=boardgameaccessory&q=agricola+Treegardener
A119,장작 채집자,"농지 나  곡식 종자 ,  곡식 활용 ,  밭 농사  행동 칸을 이용하면, 그 차례가 끝날 때 <WOOD> 1개를 추가로 가져옵니다.",,a,occupations,https://boardgamegeek.com/geeksearch.php?action=search&objecttype=boardgameaccessory&q=agricola+Firewood+Collector
A120,흙집 건축업자,집을 흙집으로 고치면 다음 라운드 칸 5개에 <CLAY> 2개씩을 놓습니다. 해당 라운드가 시작될 때마다 이 <CLAY>을 가져옵니다. (이 카드를 내려놓을 때 이미 흙집이나 돌집을 가지고 있다면 즉시 흙을 놓습니다.),,a,occupations,https://boardgamegeek.com/geeksearch.php?action=search&objecttype=boardgameaccessory&q=agricola+Clay+Hut+Builder
A121,흙 뚫는 사람,"이 카드를 놓을 때, 그리고  교습  행동 칸이나  흙 채굴장  누적 칸을 이용할 때마다 그 직후에, <CLAY> 1개를 가져옵니다.",,a,occupations,https://boardgamegeek.com/geeksearch.php?action=search&objecttype=boardgameaccessory&q=agricola+Clay+Puncher
A122,팬케이크 굽는 사람,"곡식 활용  행동 칸을 이용할 때마다, <CLAY> 2개와 <WOOD> 1개를 추가로 가져옵니다.",,a,occupations,https://boardgamegeek.com/geeksearch.php?action=search&objecttype=boardgameaccessory&q=agricola+Pan+Baker
A123,골조 건축업자,"집을 고치거나 방을 하나 만들 때마다 1번씩, <CLAY> 2개나 <STONE> 2개 대신 <WOOD> 1개를 낼 수 있습니다.",,a,occupations,https://boardgamegeek.com/geeksearch.php?action=search&objecttype=boardgameaccessory&q=agricola+Frame+Builder
A124,돌 가공인,"5, 6, 7라운드 칸에 놓인 행동 칸을 이용할 때마다, 그 직전에 <STONE> 1개를 가져옵니다.",,a,occupations,https://boardgamegeek.com/geeksearch.php?action=search&objecttype=boardgameaccessory&q=agricola+Knapper
A125,사제,"이 카드를 내려놓을 때, 방이 2개뿐인 흙집에 살고 있다면, 즉시 <CLAY> 3개와 <REED> 2개, <STONE> 2개를 가져옵니다.",,a,occupations,https://boardgamegeek.com/geeksearch.php?action=search&objecttype=boardgameaccessory&q=agricola+Priest
A126,수석 노동자,"1/2/3/4라운드 칸에 놓인 행동 칸을 이용할 때마다, 그 직전에 <WOOD>/<CLAY>/<REED>/<STONE> 1개를 가져옵니다.",,a,occupations,https://boardgamegeek.com/geeksearch.php?action=search&objecttype=boardgameaccessory&q=agricola+Master+Workman
A127,셋방 사는 사람,"이 카드는 9라운드의 집에 돌아오기 단계까지 가족 구성원 1명을 위한 방을 제공합니다. 9라운드의 집에 돌아오기 단계에 이 카드의 가족 구성원을 위한 별도의 방이 없다면, 그 가족 구성원을 게임에서 제거합니다.",,a,occupations,https://boardgamegeek.com/geeksearch.php?action=search&objecttype=boardgameaccessory&q=agricola+Lodger
A128,강기슭 건축가,다른 플레이어가  갈대밭  누적 칸을 이용할 때마다 방 1개를 만들 수 있습니다. 이 효과를 통해 흙집/돌집 방을 만들 때는 <CLAY> 1개/<STONE> 2개를 적게 냅니다.,,a,occupations,https://boardgamegeek.com/geeksearch.php?action=search&objecttype=boardgameaccessory&q=agricola+Riparian+Builder
A129,뜨내기 노동자,"농장 확장 이나  곡식 종자  행동 칸 중 하나를 이용한 뒤, 같은 가족 구성원으로 나머지 칸도 이용할 수 있습니다. 나머지 칸이 이미 차 있어도 이용할 수 있습니다.",,a,occupations,https://boardgamegeek.com/geeksearch.php?action=search&objecttype=boardgameaccessory&q=agricola+Swagman
A130,마마보이,"라운드당 1번, 내가 2번째 가족 말을 놓은 곳이  회합 장소  칸이 아니라면, 내 차례에 내 가족 말을 그 칸에 다시 놓아 한 번 더 이용할 수 있습니다.",,a,occupations,https://boardgamegeek.com/geeksearch.php?action=search&objecttype=boardgameaccessory&q=agricola+Mummy's+Boy
A131,수공예 교사,"가구 제작소 ,  그릇 제작소 , 또는  바구니 제작소  주요 설비를 지을 때마다, 그 직후에 비용을 내지 않고 직업을 2개까지 내려놓을 수 있습니다.",,a,occupations,https://boardgamegeek.com/geeksearch.php?action=search&objecttype=boardgameaccessory&q=agricola+Craft+Teacher
A132,술집 주인,"다른 플레이어가 조건 없는  씨 뿌리기  행동을 할 때마다, 그 직전에 그 플레이어에게 개인 창고의 <GRAIN> 1개를 주고 추가 <SCORE> 1점을 받을 수 있습니다.",,a,occupations,https://boardgamegeek.com/geeksearch.php?action=search&objecttype=boardgameaccessory&q=agricola+Publican
A133,허풍선이,"점수를 계산할 때, 자기 앞에 놓여있는 설비 5/6/7/8/9/10개에 대해 2/3/4/5/7/9점의 추가 <SCORE>를 받습니다.",,a,occupations,https://boardgamegeek.com/geeksearch.php?action=search&objecttype=boardgameaccessory&q=agricola+Braggart
A134,부유한 농장주,"이 카드를 놓을 때, 즉시 <WOOD> 1개와 <CLAY> 1개를 가져옵니다. 점수를 계산할 때, 가축 수용량만큼 가축을 가득 채운 우리마다 추가 <SCORE> 1점을 받습니다.",,a,occupations,https://boardgamegeek.com/geeksearch.php?action=search&objecttype=boardgameaccessory&q=agricola+Full+Farmer
A135,가축 관리자,"이 카드를 놓을 때 1/3/6/9번의 라운드가 남았다면 <WOOD> 1/2/3/4개를 가져옵니다. 점수를 계산할 때, 모든 종류의 가축을 2/3/4마리 이상 모은 플레이어는 모두 추가 <SCORE> 1/3/5점씩을 받습니다.",,a,occupations,https://boardgamegeek.com/geeksearch.php?action=search&objecttype=boardgameaccessory&q=agricola+Animal+Reeve
A136,현장 관리자,"이 카드를 놓을 때 1/3/6/9번의 라운드가 남았다면 <WOOD> 1/2/3/4개를 가져옵니다. 점수를 계산할 때, 모든 종류의 건축 자원을 1/2/3개 이상 모은 플레이어는 모두 추가 <SCORE> 1/3/5점씩을 받습니다.",,a,occupations,https://boardgamegeek.com/geeksearch.php?action=search&objecttype=boardgameaccessory&q=agricola+Drudgery+Reeve
A137,강기슭 양치기,"양 시장 이나  갈대밭  누적 칸 중 한 곳을 이용할 때마다, 나머지 다른 누적 칸에 남아있는 물건 1개를 가져올 수 있습니다.",,a,occupations,https://boardgamegeek.com/geeksearch.php?action=search&objecttype=boardgameaccessory&q=agricola+Riverine+Shepherd
A138,작살꾼,"낚시  행동 칸을 이용할 때, <WOOD> 1개를 내고 가족 수만큼의 <FOOD>과 <REED> 1개를 가져올 수 있습니다.",,a,occupations,https://boardgamegeek.com/geeksearch.php?action=search&objecttype=boardgameaccessory&q=agricola+Harpooner
A139,점토 채굴 관리자,"이 카드를 놓을 때, 즉시  주요 설비  행동을 얻습니다. 이 행동으로는 오직 화로만 지을 수 있습니다.  점토 채굴장  누적 칸을 이용할 때마다 <FOOD> 1개를 추가로 가져옵니다.",,a,occupations,https://boardgamegeek.com/geeksearch.php?action=search&objecttype=boardgameaccessory&q=agricola+Hollow+Warden
A140,삽 쓰는 사람,"흙 채굴장 이나  점토 채굴장  누적 칸 중 한 곳을 이용할 때마다, 나머지 누적 칸에 놓인 <CLAY> 1개당 <FOOD> 1개를 추가로 가져옵니다.",,a,occupations,https://boardgamegeek.com/geeksearch.php?action=search&objecttype=boardgameaccessory&q=agricola+Shovel+Bearer
A141,순무 농사꾼,"매 라운드 집에 돌아오기 단계가 시작될 때마다,  날품팔이 와  곡식 종자  행동 칸에 모두 누군가의 가족 말이 놓여있다면 <VEGETABLE> 1개를 가져옵니다.",,a,occupations,https://boardgamegeek.com/geeksearch.php?action=search&objecttype=boardgameaccessory&q=agricola+Turnip+Farmer
A142,실 잣는 사람,"아무 플레이어(이 카드를 낸 플레이어 포함)가  갈대밭  누적 칸에서 <REED>를 2개 이상 가져올 때마다, <GRAIN> 1개를 가져오거나 <FOOD> 2개를 내고 <VEGETABLE> 1개를 구입할 수 있습니다.",,a,occupations,https://boardgamegeek.com/geeksearch.php?action=search&objecttype=boardgameaccessory&q=agricola+Cordmaker
A143,돌 자르는 사람,"모든 설비의 비용을 낼 때나 방을 만들 때, 집을 고칠 때, 항상 <STONE> 1개씩을 적게 냅니다.",,a,occupations,https://boardgamegeek.com/geeksearch.php?action=search&objecttype=boardgameaccessory&q=agricola+Stonecutter
A144,가압류 집행관,이 카드 위에 <REED> 3개와 <CLAY> 4개를 올려놓습니다. 가장 먼저 농장에 우리 3개/밭 5개를 가진 플레이어가 <REED> 3개/<CLAY> 4개를 가져갑니다. 이 카드를 놓기 전에 우리 3개/밭 5개를 완성한 플레이어는 보상을 받을 수 없습니다.,,a,occupations,https://boardgamegeek.com/geeksearch.php?action=search&objecttype=boardgameaccessory&q=agricola+Sequestrator
A145,밧줄 제작자,"수확 단계가 끝날 때마다, 공동 창고에서 <REED> 1개를 가져옵니다.",,a,occupations,https://boardgamegeek.com/geeksearch.php?action=search&objecttype=boardgameaccessory&q=agricola+Ropemaker
A146,창고지기,"음식 누적 칸에서 정확히 <FOOD> 2/3/4/5개를 가져올 때마다, <STONE>/<REED>/<CLAY>/<WOOD> 1개를 추가로 가져옵니다. <FOOD>을 6개 이상 가져오면 아무것도 추가로 가져올 수 없습니다.",,a,occupations,https://boardgamegeek.com/geeksearch.php?action=search&objecttype=boardgameaccessory&q=agricola+Storehouse+Steward
A147,가축 상인,"양 시장 이나  돼지 시장 ,  소 시장  누적 칸을 이용할 때, <FOOD> 1개를 내고 해당 종류 가축 1마리를 추가로 살 수 있습니다.",,a,occupations,https://boardgamegeek.com/geeksearch.php?action=search&objecttype=boardgameaccessory&q=agricola+Animal+Dealer
A148,목양업자,이 카드 위에 <SHEEP>을 키울 수 있습니다. 이 카드 위에 키울 수 있는 양의 최대 수는 지금까지 완료된 가족 먹여살리기 단계 횟수와 같습니다.,,a,occupations,https://boardgamegeek.com/geeksearch.php?action=search&objecttype=boardgameaccessory&q=agricola+Woolgrower
A149,벽화 그리는 사람,"유랑극단  누적 칸을 이용할 때마다,  방 짓기   행동을 추가로 얻습니다. 이 행동의 효과로 만드는 방마다 <REED> 1개씩을 적게 냅니다.",,a,occupations,https://boardgamegeek.com/geeksearch.php?action=search&objecttype=boardgameaccessory&q=agricola+House+Artist
A150,무대 담당자,"다른 플레이어가  유랑극단  누적 칸을 이용할 때마다,  울타리 치기 나  외양간 짓기  혹은  방 짓기  행동 중 한 가지를 할 수 있습니다.",,a,occupations,https://boardgamegeek.com/geeksearch.php?action=search&objecttype=boardgameaccessory&q=agricola+Stagehand
A151,음악가,"매 라운드 집에 돌아오기 단계가 시작될 때마다, 1~4라운드 칸 중 딱 한 칸만 비어있다면 그 라운드 칸의 효과를 이용할 수 있습니다.",,a,occupations,https://boardgamegeek.com/geeksearch.php?action=search&objecttype=boardgameaccessory&q=agricola+Minstrel
A152,야간학교 학생,"매 라운드 집에 돌아오기 단계마다,  교습   행동 칸에서 그 누구의 가족 말도 돌아오지 않았다면 <FOOD> 1개를 내고 직업 카드 1장을 내려놓을 수 있습니다.",,a,occupations,https://boardgamegeek.com/geeksearch.php?action=search&objecttype=boardgameaccessory&q=agricola+Night-School+Student
A153,돼지 소유주,"이 카드를 내려놓은 이후에 농장에 <PIG> 5마리를 처음으로 키우는 순간, 즉시 추가 <SCORE> 3점을 받습니다.",,a,occupations,https://boardgamegeek.com/geeksearch.php?action=search&objecttype=boardgameaccessory&q=agricola+Pig+Owner
A154,경리관,"다른 플레이어가 음식 누적 칸을 이용할 때마다, 그 플레이어에게 <GRAIN> 1개를 주고 추가 <SCORE> 1점을 받을 수 있습니다.",,a,occupations,https://boardgamegeek.com/geeksearch.php?action=search&objecttype=boardgameaccessory&q=agricola+Paymaster
A155,마술사,"유랑극단  누적 칸을 이용할 때마다, <WOOD> 1개와 <GRAIN> 1개를 추가로 가져옵니다.",,a,occupations,https://boardgamegeek.com/geeksearch.php?action=search&objecttype=boardgameaccessory&q=agricola+Conjurer
A156,구매하는 사람,"이 카드를 놓을 때, 즉시 <FOOD> 1개를 내고 <STONE> 2개를 가져올 수 있습니다. 다음 라운드부터, 라운드당 1번 <FOOD> 2개를 내고 <STONE> 1개를 가져올 수 있습니다.",,a,occupations,https://boardgamegeek.com/geeksearch.php?action=search&objecttype=boardgameaccessory&q=agricola+Buyer
A157,보헤미안,"매 라운드 집에 돌아오기 단계가 시작될 때마다,  교습  행동 칸이 한 칸이라도 비어있다면 <FOOD> 1개를 가져옵니다.",,a,occupations,https://boardgamegeek.com/geeksearch.php?action=search&objecttype=boardgameaccessory&q=agricola+Bohemian
A158,요리 예술가,"다른 플레이어가  유랑극단  누적 칸을 이용할 때마다, <GRAIN>/<SHEEP>/<VEGETABLE> 중 원하는 물건 1개를 <FOOD> 4/5/7개로 바꿀 수 있습니다.",,a,occupations,https://boardgamegeek.com/geeksearch.php?action=search&objecttype=boardgameaccessory&q=agricola+Culinary+Artist
A159,목공 선원,"다른 플레이어가  낚시 / 갈대밭  누적 칸을 이용할 때마다, 그 플레이어에게 <WOOD> 1개를 주고 공동 창고에서 <FOOD> 2개/<FOOD> 3개를 가져올 수 있습니다.",,a,occupations,https://boardgamegeek.com/geeksearch.php?action=search&objecttype=boardgameaccessory&q=agricola+Joiner+of+the+Sea
A160,류트 연주자,"다른 플레이어가  유랑극단  누적 칸을 이용하면, <FOOD> 1개와 <WOOD> 1개를 가져옵니다. 그 즉시 <FOOD> 2개를 내고 <VEGETABLE> 1개를 살 수 있습니다.",,a,occupations,https://boardgamegeek.com/geeksearch.php?action=search&objecttype=boardgameaccessory&q=agricola+Lutenist
A161,소규모 관리인,"자원 누적 칸을 이용할 때마다, 같은 일하기 단계에 그와 같은 종류의 자원 누적 칸을 이미 이용했다면 <VEGETABLE> 1개를 추가로 가져옵니다.",,a,occupations,https://boardgamegeek.com/geeksearch.php?action=search&objecttype=boardgameaccessory&q=agricola+Patch+Caretaker
A162,산림 검수관,"숲 과  흙 채굴장  누적 칸이 모두 이용될 때마다, 이 카드를 행동 칸으로 이용하여, <CLAY> 2개와 <WOOD> 3개를 가져올 수 있습니다.",,a,occupations,https://boardgamegeek.com/geeksearch.php?action=search&objecttype=boardgameaccessory&q=agricola+Forest+Tallyman
A163,건축 전문가,"자원 시장  행동 칸을 내 1/2/3/4/5번째 가족 말로 이용할 때마다, <WOOD>/<CLAY>/<REED>/<STONE>/<STONE> 1개를 추가로 가져옵니다.",,a,occupations,https://boardgamegeek.com/geeksearch.php?action=search&objecttype=boardgameaccessory&q=agricola+Building+Expert
A164,숲 일꾼,"자원 누적 칸에서 <WOOD>를 가져올 때마다 1번씩, <WOOD> 1개를 <SHEEP> 1마리로 바꿀 수 있습니다. 비용으로 지불한 <WOOD>는 해당 자원 누적 칸에 돌려놓습니다.",,a,occupations,https://boardgamegeek.com/geeksearch.php?action=search&objecttype=boardgameaccessory&q=agricola+Wood+Worker
A165,돼지 사육사,"이 카드를 내려놓으면 즉시 <PIG> 1마리를 가져옵니다. 12라운드가 끝날 때, <PIG>가 번식합니다. (새끼 <PIG>를 키울 공간이 있어야 합니다.)",,a,occupations,https://boardgamegeek.com/geeksearch.php?action=search&objecttype=boardgameaccessory&q=agricola+Pig+Breeder
A166,건초 말리는 사람,"수확 단계가 시작될 때마다, 그 직전에 <FOOD>을 내고 <CATTLE>를 1마리 구입할 수 있습니다. 소의 가격은 4에서 내 농장의 우리 개수를 뺀 값입니다. 최소 가격은 <FOOD> 0개입니다.",,a,occupations,https://boardgamegeek.com/geeksearch.php?action=search&objecttype=boardgameaccessory&q=agricola+Haydryer
A167,가축 분양업자,"한 차례에 나무방/흙방/돌방을 1개 이상 만들고 외양간도 1개 이상 지을 때마다, <SHEEP>/<PIG>/<CATTLE> 1마리를 추가로 가져옵니다.",,a,occupations,https://boardgamegeek.com/geeksearch.php?action=search&objecttype=boardgameaccessory&q=agricola+Breeder+Buyer
A168,동물 훈련가,"교습  행동 칸을 이용한 뒤, <FOOD> 0/1/2개를 내고 <SHEEP>/<PIG>/<CATTLE> 1마리를 가져올 수 있습니다.",,a,occupations,https://boardgamegeek.com/geeksearch.php?action=search&objecttype=boardgameaccessory&q=agricola+Animal+Teacher
A169,#N/A,번역 결과 없음,,a,occupations,https://boardgamegeek.com/geeksearch.php?action=search&objecttype=boardgameaccessory&q=agricola+Off-Siter
A170,#N/A,번역 결과 없음,,a,occupations,https://boardgamegeek.com/geeksearch.php?action=search&objecttype=boardgameaccessory&q=agricola+Hayward
A171,#N/A,번역 결과 없음,,a,occupations,https://boardgamegeek.com/geeksearch.php?action=search&objecttype=boardgameaccessory&q=agricola+Sidekick
A172,#N/A,번역 결과 없음,,a,occupations,https://boardgamegeek.com/geeksearch.php?action=search&objecttype=boardgameaccessory&q=agricola+Boat+Painter
A173,#N/A,번역 결과 없음,,a,occupations,https://boardgamegeek.com/geeksearch.php?action=search&objecttype=boardgameaccessory&q=agricola+Clay+Thief
A174,#N/A,번역 결과 없음,,a,occupations,https://boardgamegeek.com/geeksearch.php?action=search&objecttype=boardgameaccessory&q=agricola+Master+Hora
A175,#N/A,번역 결과 없음,,a,occupations,https://boardgamegeek.com/geeksearch.php?action=search&objecttype=boardgameaccessory&q=agricola+Hollow+Gardener
A176,#N/A,번역 결과 없음,,a,occupations,https://boardgamegeek.com/geeksearch.php?action=search&objecttype=boardgameaccessory&q=agricola+Wheelmaker
A177,#N/A,번역 결과 없음,,a,occupations,https://boardgamegeek.com/geeksearch.php?action=search&objecttype=boardgameaccessory&q=agricola+Middleman
A178,#N/A,번역 결과 없음,,a,occupations,https://boardgamegeek.com/geeksearch.php?action=search&objecttype=boardgameaccessory&q=agricola+Carpenter's+Boy
A179,#N/A,번역 결과 없음,,a,occupations,https://boardgamegeek.com/geeksearch.php?action=search&objecttype=boardgameaccessory&q=agricola+Mountain+Shepherd
A180,#N/A,번역 결과 없음,,a,occupations,https://boardgamegeek.com/geeksearch.php?action=search&objecttype=boardgameaccessory&q=agricola+Animal+Brander
A001,대피소,"즉시 비용을 내지 않고 외양간을 1개 짓습니다. 단, 1칸짜리 우리에만 외양간을 지을 수 있습니다.",,a,minorImprovements,https://boardgamegeek.com/geeksearch.php?action=search&objecttype=boardgameaccessory&q=agricola+Shelter
A002,이동 경작,즉시 밭 1개를 일굽니다.,,a,minorImprovements,https://boardgamegeek.com/geeksearch.php?action=search&objecttype=boardgameaccessory&q=agricola+Shifting+Cultivation
A003,편지칼,"손에서 직업 3개를 고른 뒤, 그중에서 1개를 무작위로 뽑습니다. 이렇게 뽑은 직업을 비용을 내지 않고 즉시 내려놓을 수 있습니다.",,a,minorImprovements,https://boardgamegeek.com/geeksearch.php?action=search&objecttype=boardgameaccessory&q=agricola+Paper+Knife
A004,베이스 보드,"즉시 내 집의 방 1개당 <나무>  1개씩을 가져옵니다. 만약 가족 말보다 방 개수가 더 많다면, <나무> 1개를 추가로 가져옵니다.",,a,minorImprovements,https://boardgamegeek.com/geeksearch.php?action=search&objecttype=boardgameaccessory&q=agricola+Baseboards
A005,흙판,즉시 개인 창고에 있는 <CLAY> 2개마다 <CLAY> 1개씩을 가져옵니다.,,a,minorImprovements,https://boardgamegeek.com/geeksearch.php?action=search&objecttype=boardgameaccessory&q=agricola+Clay+Embankment
A006,저장 헛간,"만약 주요 설비인  우물 / 가구 제작소 / 그릇 제작소 / 바구니 제작소 를 가지고 있다면, 즉시 <STONE>/<나무>/<CLAY>/<REED> 1개를 가져옵니다.",,a,minorImprovements,https://boardgamegeek.com/geeksearch.php?action=search&objecttype=boardgameaccessory&q=agricola+Storage+Barn
A007,원예용 칼,"즉시 곡식밭 1개당 <FOOD> 1개, 채소밭 1개당 <GRAIN> 1개를 가져옵니다.",,a,minorImprovements,https://boardgamegeek.com/geeksearch.php?action=search&objecttype=boardgameaccessory&q=agricola+Gardener's+Knife
A008,음식 바구니,즉시 <GRAIN> 1개와 <VEGETABLE> 1개를 가져옵니다.,,a,minorImprovements,https://boardgamegeek.com/geeksearch.php?action=search&objecttype=boardgameaccessory&q=agricola+Food+Basket
A009,우시장,"즉시 <CATTLE> 1마리를 가져옵니다. (실질적으로, <SHEEP> 1마리를 <CATTLE> 1마리로 바꿉니다.)",,a,minorImprovements,https://boardgamegeek.com/geeksearch.php?action=search&objecttype=boardgameaccessory&q=agricola+Young+Animal+Market
A010,나무 오두막,이 카드는  주요 설비  행동을 통해서만 내려놓을 수 있습니다. 이 카드는 가족 구성원 1명을 위한 방을 제공합니다. 더 이상 집을 고칠 수 없습니다.,,a,minorImprovements,https://boardgamegeek.com/geeksearch.php?action=search&objecttype=boardgameaccessory&q=agricola+Wooden+Shed
A011,진흙탕,"이 카드를 놓을 때, 즉시 <PIG> 1마리를 가져옵니다. 빈 밭 타일 1개마다 <PIG>를 1마리씩 키울 수 있습니다.",,a,minorImprovements,https://boardgamegeek.com/geeksearch.php?action=search&objecttype=boardgameaccessory&q=agricola+Mud+Patch
A012,물통,우리(외양간이 있든 없든) 하나당 가축을 2마리씩 더 키울 수 있습니다.,,a,minorImprovements,https://boardgamegeek.com/geeksearch.php?action=search&objecttype=boardgameaccessory&q=agricola+Drinking+Trough
A013,재건축 회사,"이 카드를 놓을 때, 즉시 <CLAY> 3개를 가져옵니다. 그 후 즉시 비용을 내지 않고 집을 고칠 수 있습니다.",,a,minorImprovements,https://boardgamegeek.com/geeksearch.php?action=search&objecttype=boardgameaccessory&q=agricola+Renovation+Company
A014,목수 망치,"방을 한 번에 2개 이상 만들 때마다, 총 비용에서 <REED> 2개를 할인받습니다. 그렇게 만드는 방이 나무집/흙집/돌집 방이라면 총 비용에서 추가로 <나무> 2개/<CLAY> 3개/<STONE> 4개를 할인받습니다.",,a,minorImprovements,https://boardgamegeek.com/geeksearch.php?action=search&objecttype=boardgameaccessory&q=agricola+Carpenter's+Hammer
A015,목수 도끼,"나무 누적 칸을 이용할 때마다, 그 직후에 <나무>를 7개 이상 갖고 있다면 즉시 <나무> 딱 1개를 내고 외양간 1개를 지을 수 있습니다.",,a,minorImprovements,https://boardgamegeek.com/geeksearch.php?action=search&objecttype=boardgameaccessory&q=agricola+Carpenter's+Axe
A016,다진 흙,이 카드를 내려놓으면 즉시 <CLAY> 1개를 가져옵니다. 울타리를 칠 때 <나무> 대신 <CLAY>을 낼 수 있습니다.,,a,minorImprovements,https://boardgamegeek.com/geeksearch.php?action=search&objecttype=boardgameaccessory&q=agricola+Rammed+Clay
A017,개간 쟁기,"가축 누적 칸을 이용한 후, 이번 행동을 통해 가져온 가축을 모두 수용했다면 단 1번에 한해 즉시 밭 1개를 일굴 수 있습니다.",,a,minorImprovements,https://boardgamegeek.com/geeksearch.php?action=search&objecttype=boardgameaccessory&q=agricola+Reclamation+Plow
A018,바퀴 달린 쟁기,"게임 중 한 번, 자신의 첫 가족 말을  농지 나  밭 농사  행동 칸에 놓을 때 밭 2개를 추가로 일굴 수 있습니다.",,a,minorImprovements,https://boardgamegeek.com/geeksearch.php?action=search&objecttype=boardgameaccessory&q=agricola+Wheel+Plow
A019,손쟁기,현재 라운드에 5를 더한 라운드 칸에 밭 타일 1개를 놓습니다. 해당 라운드가 시작될 때 이 밭을 일굴 수 있습니다.,,a,minorImprovements,https://boardgamegeek.com/geeksearch.php?action=search&objecttype=boardgameaccessory&q=agricola+Handplow
A020,쌍방향 쟁기,"이 카드를 놓을 때, 즉시 밭을 2개까지 일굴 수 있습니다.",,a,minorImprovements,https://boardgamegeek.com/geeksearch.php?action=search&objecttype=boardgameaccessory&q=agricola+Double-Turn+Plow
A021,아늑한 집,"현재의 가족 말 수보다 더 많은 방이 있는 상태에서 추가로  방 짓기  행동을 할 때마다,  가족 늘리기 행동 과 <FOOD> 1개를 추가로 얻습니다.",,a,minorImprovements,https://boardgamegeek.com/geeksearch.php?action=search&objecttype=boardgameaccessory&q=agricola+Family+Friendly+Home
A022,전보,현재 라운드에 내 남은 울타리 개수를 더한 라운드 칸을 별도로 표시합니다. 해당 라운드에는 내 개인 창고에 있는 가족 말을 하나 사용할 수 있습니다.,,a,minorImprovements,https://boardgamegeek.com/geeksearch.php?action=search&objecttype=boardgameaccessory&q=agricola+Telegram
A023,석재회사,"채석장  누적 칸을 이용할 때마다, 그 직후에  주요 설비나 보조 설비  행동을 할 수 있습니다. 단, 이 행동으로 <STONE>을 1개 이상 사용해야 합니다.",,a,minorImprovements,https://boardgamegeek.com/geeksearch.php?action=search&objecttype=boardgameaccessory&q=agricola+Stone+Company
A024,타작판,"농지 나  밭 농사  행동 칸을 이용할 때,  빵 굽기  행동을 추가로 할 수 있습니다.",,a,minorImprovements,https://boardgamegeek.com/geeksearch.php?action=search&objecttype=boardgameaccessory&q=agricola+Threshing+Board
A025,#N/A,번역 결과 없음,,a,minorImprovements,https://boardgamegeek.com/geeksearch.php?action=search&objecttype=boardgameaccessory&q=agricola+Bassinet
A026,침실,다른 플레이어의 가족 말이 있어도 아무  가족 늘리기  행동 칸을 이용할 수 있습니다.,,a,minorImprovements,https://boardgamegeek.com/geeksearch.php?action=search&objecttype=boardgameaccessory&q=agricola+Sleeping+Corner
A027,가마 자리,"이 카드를 놓을 때, 즉시 <나무> 2개를 가져오고,  흙가마 나  돌가마  주요 설비를 지을 수 있습니다. 둘 중 어느 것을 짓든 비용은 <CLAY> 1개와 <STONE> 1개입니다.",,a,minorImprovements,https://boardgamegeek.com/geeksearch.php?action=search&objecttype=boardgameaccessory&q=agricola+Oven+Site
A028,산림 학교,교습  행동 칸은 항상 빈 것으로 간주합니다. 직업을 내려놓을 때 필요한 <FOOD>을 원하는 수만큼 <나무>로 대신 낼 수 있습니다.,,a,minorImprovements,https://boardgamegeek.com/geeksearch.php?action=search&objecttype=boardgameaccessory&q=agricola+Forest+School
A029,선술집 의자,"매 라운드의 집에 돌아오기 단계에서 1번씩, <GRAIN> 1개를 내고 추가 <SCORE> 1점을 받을 수 있습니다. 이 경우 다른 모든 플레이어들은 <FOOD> 1개를 가져갑니다.",,a,minorImprovements,https://boardgamegeek.com/geeksearch.php?action=search&objecttype=boardgameaccessory&q=agricola+Ale-Benches
A030,빵 굽는 판,"빵 굽기  행동을 할 때마다 1번씩, 이 카드를 사용해 <GRAIN> 1개를 내고 <FOOD> 2개와 추가 <SCORE> 1점을 받을 수 있습니다.",,a,minorImprovements,https://boardgamegeek.com/geeksearch.php?action=search&objecttype=boardgameaccessory&q=agricola+Baking+Sheet
A031,약속 어음,"점수를 계산할 때, 자기 앞에 놓인 주요 설비 1개당 추가 <SCORE> 1점을 받을 수 있습니다. 이 추가 점수는 자기 농장의 빈칸 개수까지만 받을 수 있습니다.",,a,minorImprovements,https://boardgamegeek.com/geeksearch.php?action=search&objecttype=boardgameaccessory&q=agricola+Debt+Security
A032,여물통,"점수를 계산할 때, 우리가 차지하고 있는 칸 6/7/8/10개에 대해 추가 <SCORE> 1/2/3/4점을 받습니다.",,a,minorImprovements,https://boardgamegeek.com/geeksearch.php?action=search&objecttype=boardgameaccessory&q=agricola+Manger
A033,거대 농장,"이 카드를 놓을 때, 즉시 남은 라운드당 추가 <SCORE> 1점씩을 받고 <FOOD> 2개씩을 가져옵니다.",,a,minorImprovements,https://boardgamegeek.com/geeksearch.php?action=search&objecttype=boardgameaccessory&q=agricola+Big+Country
A034,정원 가위,"울타리를 칠 때마다 1번씩, 이 카드를 사용해 개인 창고의 <FENCE> 1개와 <나무> 1개를 내고 <FOOD> 2개와 추가 <SCORE> 1점을 받을 수 있습니다.",,a,minorImprovements,https://boardgamegeek.com/geeksearch.php?action=search&objecttype=boardgameaccessory&q=agricola+Loppers
A035,수영 교습,"매 라운드의 집에 돌아오기 단계에서,  낚시  누적 칸에서 자신의 가족 말이 돌아왔다면 이번 라운드에 집에 돌아온 신생아마다 추가 <SCORE>를 2점씩 받습니다.",,a,minorImprovements,https://boardgamegeek.com/geeksearch.php?action=search&objecttype=boardgameaccessory&q=agricola+Swimming+Class
A036,파사드 조각,"이 카드를 놓을 때, 원하는 횟수 만큼 <FOOD> 1개를 내고 추가 <SCORE> 1점을 받을 수 있습니다. 하지만 이 추가 점수는 지금까지 완료된 수확 단계 횟수까지만 받을 수 있습니다.",,a,minorImprovements,https://boardgamegeek.com/geeksearch.php?action=search&objecttype=boardgameaccessory&q=agricola+Facades+Carving
A037,틀톱,"집을 고칠 때마다 1번씩, <나무> 1개를 추가로 내고 <GRAIN> 1개와 추가 <SCORE> 1점을 받을 수 있습니다.",,a,minorImprovements,https://boardgamegeek.com/geeksearch.php?action=search&objecttype=boardgameaccessory&q=agricola+Bucksaw
A038,양모 담요,"점수를 계산할 때, 나무집/흙집/돌집에 살고 있다면 추가 <SCORE> 3/2/0점을 받습니다.",,a,minorImprovements,https://boardgamegeek.com/geeksearch.php?action=search&objecttype=boardgameaccessory&q=agricola+Wool+Blankets
A039,예배당,이 카드는 모두가 쓸 수 있는 행동 칸입니다. 이 카드를 이용하는 플레이어는 추가 <SCORE> 3점을 받습니다. 다른 플레이어가 이 카드를 이용할 경우 이 카드의 주인에게 먼저 <GRAIN> 1개를 내야 합니다.,,a,minorImprovements,https://boardgamegeek.com/geeksearch.php?action=search&objecttype=boardgameaccessory&q=agricola+Chapel
A040,도예가 안뜰,"이 카드를 내려놓으면 즉시 내 농장 빈칸에 <CLAY>을 1개씩 놓습니다. 이후 빈칸을 채울 때마다, 그 칸에 놓인 흙을 가져옵니다. 또한 이렇게 가져온 흙을 즉시 <FOOD> 2개로 바꿀 수 있습니다.",,a,minorImprovements,https://boardgamegeek.com/geeksearch.php?action=search&objecttype=boardgameaccessory&q=agricola+Potter's+Yard
A041,채소칼,"화로를 화덕으로 바꿀 때마다, 즉시 <나무> 2개와 <VEGETABLE> 1개를 가져옵니다. 이 카드를 놓기 전에 화로를 화덕으로 바꾼 것은 보상을 받을 수 없습니다.",,a,minorImprovements,https://boardgamegeek.com/geeksearch.php?action=search&objecttype=boardgameaccessory&q=agricola+Vegetable+Slicer
A042,숲 속 호수 오두막,낚시 / 숲  누적 칸을 이용할 때마다 <나무>/<FOOD> 1개를 추가로 가져옵니다.,,a,minorImprovements,https://boardgamegeek.com/geeksearch.php?action=search&objecttype=boardgameaccessory&q=agricola+Forest+Lake+Hut
A043,안마당 거름,"한 차례에 외양간을 1개 이상 지을 때마다, 다음 라운드 칸 3개에 <FOOD> 1개씩을 놓습니다. 해당 라운드가 시작될 때마다 이 <FOOD>을 가져옵니다.",,a,minorImprovements,https://boardgamegeek.com/geeksearch.php?action=search&objecttype=boardgameaccessory&q=agricola+Farmyard+Manure
A044,연못 오두막,"다음 라운드 칸 3개에 <FOOD> 1개씩을 놓습니다. 해당 라운드가 시작될 때마다, 이 <FOOD>을 가져옵니다.",,a,minorImprovements,https://boardgamegeek.com/geeksearch.php?action=search&objecttype=boardgameaccessory&q=agricola+Pond+Hut
A045,소방용 호수,"더 이상 나무집에서 살지 않게 되면, 다음 라운드 칸 6개에 <FOOD> 1개씩을 놓습니다. 해당 라운드가 시작될 때마다 이 <FOOD>을 가져옵니다.",,a,minorImprovements,https://boardgamegeek.com/geeksearch.php?action=search&objecttype=boardgameaccessory&q=agricola+Fire+Protection+Pond
A046,발톱 칼,"양 시장  누적 칸을 이용할 때마다, 다음 라운드 칸 2개에 <FOOD> 1개씩을 놓습니다. 해당 라운드가 시작될 때마다 이 <FOOD>을 가져옵니다.",,a,minorImprovements,https://boardgamegeek.com/geeksearch.php?action=search&objecttype=boardgameaccessory&q=agricola+Claw+Knife
A047,덩굴용 격자 구조물,이 카드를 내려놓으면 즉시 지금까지 지은 울타리 개수를 셉니다. 그 개수만큼의 다음 라운드 칸에 <FOOD> 1개씩을 놓습니다. 해당 라운드가 시작될 때마다 이 <FOOD>을 가져옵니다.,,a,minorImprovements,https://boardgamegeek.com/geeksearch.php?action=search&objecttype=boardgameaccessory&q=agricola+Trellises
A048,목공 의자,"<나무>를 1개 이상 가져올 때마다, 그 직후에 <나무>를 5개 이상 갖고 있다면 <나무> 1개를 <FOOD> 3개로 바꿀 수 있습니다. 만약 <나무>를 7개 이상 갖고 있다면 반드시 위 효과를 따라야 합니다.",,a,minorImprovements,https://boardgamegeek.com/geeksearch.php?action=search&objecttype=boardgameaccessory&q=agricola+Shaving+Horse
A049,철새 서식지,"매 라운드 준비 단계마다, 비어있지 않은  갈대밭  누적 칸에 <REED> 1개가 놓이면 <FOOD> 1개를 가져옵니다.",,a,minorImprovements,https://boardgamegeek.com/geeksearch.php?action=search&objecttype=boardgameaccessory&q=agricola+Nest+Site
A050,우유 주전자,"아무 플레이어(이 카드를 낸 플레이어 포함)가  소 시장  누적 칸을 이용할 때, <FOOD> 3개를 가져오고 다른 모든 플레이어들은 <FOOD> 1개를 가져갑니다.",,a,minorImprovements,https://boardgamegeek.com/geeksearch.php?action=search&objecttype=boardgameaccessory&q=agricola+Milk+Jug
A051,끌그물 보트,낚시  누적 칸을 이용할 때마다 <FOOD> 2개를 추가로 가져옵니다.,,a,minorImprovements,https://boardgamegeek.com/geeksearch.php?action=search&objecttype=boardgameaccessory&q=agricola+Drift-Net+Boat
A052,투척용 도끼,"나무 누적 칸을 이용할 때,  돼지 시장  누적 칸에 <PIG>가 있다면 <FOOD> 2개를 가져옵니다.",,a,minorImprovements,https://boardgamegeek.com/geeksearch.php?action=search&objecttype=boardgameaccessory&q=agricola+Throwing+Axe
A053,흙 파이프,일하기 단계에서 건축 자원 7개 이상을 가져왔다면 그 라운드의 집에 돌아오기 단계에서 <FOOD> 2개를 가져옵니다.,,a,minorImprovements,https://boardgamegeek.com/geeksearch.php?action=search&objecttype=boardgameaccessory&q=agricola+Claypipe
A054,대출,"이 카드를 놓을 때, 즉시 <FOOD> 5개를 가져옵니다. 이후 수확을 하지 않는 라운드가 끝날 때마다 <FOOD> 1개를 내거나 <BEGGING> 토큰 1개를 가져와야 합니다.",,a,minorImprovements,https://boardgamegeek.com/geeksearch.php?action=search&objecttype=boardgameaccessory&q=agricola+Credit
A055,폐품 창고,앞으로 설비를 내려놓거나 지을 때마다(이 카드 포함) <FOOD> 1개를 가져옵니다.,,a,minorImprovements,https://boardgamegeek.com/geeksearch.php?action=search&objecttype=boardgameaccessory&q=agricola+Junk+Room
A056,바구니,"갈대밭  누적 칸을 이용한 뒤, <REED> 1개를 내고 <VEGETABLE> 1개를 가져올 수 있습니다. 플레이어가 4명 이상일 때는 낸 <REED>를 갈대밭 누적 칸에 놓습니다.",,a,minorImprovements,https://boardgamegeek.com/geeksearch.php?action=search&objecttype=boardgameaccessory&q=agricola+Basket
A057,착유실,"이 카드를 놓을 때, <SHEEP> 1/3/4마리를 가지고 있으면 즉시 <FOOD> 2/3/4개를 가져옵니다. 또한 <CATTLE> 1/2/3마리를 가지고 있으면 즉시 음식 2/3/4개를 가져옵니다.",,a,minorImprovements,https://boardgamegeek.com/geeksearch.php?action=search&objecttype=boardgameaccessory&q=agricola+Milking+Parlor
A058,아스파라거스 수확용 칼,"8, 10, 12라운드의 집에 돌아오기 단계마다, 채소밭 딱 1곳에서 <VEGETABLE> 1개를 가져올 수 있습니다. 또한 이렇게 가져온 채소를 즉시 <FOOD> 3개와 추가 <SCORE> 1점으로 바꿀 수 있습니다.",,a,minorImprovements,https://boardgamegeek.com/geeksearch.php?action=search&objecttype=boardgameaccessory&q=agricola+Asparagus+Knife
A059,감자 작판기,"<VEGETABLE>를 1개 이상 수확할 때마다, 그 직후에 <VEGETABLE>를 3개 이상 갖고 있다면 <VEGETABLE> 1개를 내고 <FOOD> 6개를 가져올 수 있습니다. 만약 <VEGETABLE>를 4개 이상 갖고 있다면 반드시 위 효과를 따라야 합니다.",,a,minorImprovements,https://boardgamegeek.com/geeksearch.php?action=search&objecttype=boardgameaccessory&q=agricola+Potato+Ridger
A060,동양식 화로,아무 때나 : 채소 ➝ 4 음식; 양➝ 3 음식; 소➝ 5 5음식 /  빵굽기 행동 :  곡식 ➝ 2 음식,,a,minorImprovements,https://boardgamegeek.com/geeksearch.php?action=search&objecttype=boardgameaccessory&q=agricola+Oriental+Fireplace
A061,#N/A,번역 결과 없음,,a,minorImprovements,https://boardgamegeek.com/geeksearch.php?action=search&objecttype=boardgameaccessory&q=agricola+Winnowing+Fan
A062,작은 맥주통,"수확 중 가족 먹여살리기 단계마다, 이 카드를 사용해 <GRAIN> 1/2/3개를 내고 <FOOD> 딱 3개와 추가 <SCORE> 0/1/2점을 받을 수 있습니다.",,a,minorImprovements,https://boardgamegeek.com/geeksearch.php?action=search&objecttype=boardgameaccessory&q=agricola+Beer+Keg
A063,네덜란드식 풍차,"수확을 마친 다음 라운드에  빵 굽기  행동을 할 때마다, <FOOD> 3개를 추가로 가져옵니다.",,a,minorImprovements,https://boardgamegeek.com/geeksearch.php?action=search&objecttype=boardgameaccessory&q=agricola+Dutch+Windmill
A064,보리 제분기,"수확 중 농장 단계마다, 이번 수확 때 곡식을 가져온 곡식밭 1개당 <FOOD> 1개를 가져옵니다.",,a,minorImprovements,https://boardgamegeek.com/geeksearch.php?action=search&objecttype=boardgameaccessory&q=agricola+Barley+Mill
A065,펠릿 종자,"조건 없는  씨 뿌리기  행동을 할 때마다, 그 직전에 <GRAIN> 1개를 가져옵니다.",,a,minorImprovements,https://boardgamegeek.com/geeksearch.php?action=search&objecttype=boardgameaccessory&q=agricola+Seed+Pellets
A066,먹이통,"이미 키우고 있는 가축의 가축 누적 칸을 이용할 때마다, <GRAIN> 1개를 추가로 가져옵니다.",,a,minorImprovements,https://boardgamegeek.com/geeksearch.php?action=search&objecttype=boardgameaccessory&q=agricola+Feeding+Dish
A067,곡식용 삽,"곡식 종자  행동 칸을 이용할 때, <GRAIN> 1개를 추가로 가져옵니다.",,a,minorImprovements,https://boardgamegeek.com/geeksearch.php?action=search&objecttype=boardgameaccessory&q=agricola+Corn+Scoop
A068,아스파라거스 선물,현재 라운드와 같거나 더 많은 수의 울타리를 칠 때마다 <VEGETABLE> 1개를 가져옵니다.,,a,minorImprovements,https://boardgamegeek.com/geeksearch.php?action=search&objecttype=boardgameaccessory&q=agricola+Asparagus+Gift
A069,대형 온실,"현재 라운드에 4, 7, 9를 더한 라운드 칸에 <VEGETABLE> 1개씩을 놓습니다. 해당 라운드가 시작될 때마다 이 <VEGETABLE>를 가져옵니다.",,a,minorImprovements,https://boardgamegeek.com/geeksearch.php?action=search&objecttype=boardgameaccessory&q=agricola+Large+Greenhouse
A070,수송 장치,"수확을 하지 않는 라운드가 끝날 때마다, 채소밭에서 <VEGETABLE> 1개를 가져와 개인 창고에 놓을 수 있습니다. (농장 단계를 한 것으로 간주하지 않습니다)",,a,minorImprovements,https://boardgamegeek.com/geeksearch.php?action=search&objecttype=boardgameaccessory&q=agricola+Lifting+Machine
A071,삽,"아무 때나, 작물이 2개 이상인 밭에 있는 작물 1개를 빈 밭으로 옮길 수 있습니다.",,a,minorImprovements,https://boardgamegeek.com/geeksearch.php?action=search&objecttype=boardgameaccessory&q=agricola+Clearing+Spade
A072,석회 비료,"채석장  누적 칸을 이용할 때마다, 한 종류의 물건만이 심어진 모든 밭에 각 물건을 1개씩 추가합니다.",,a,minorImprovements,https://boardgamegeek.com/geeksearch.php?action=search&objecttype=boardgameaccessory&q=agricola+Calcium+Fertilizers
A073,농업용 비료,"한 번의 행동을 통해 빈칸 2개 이상을 사용할 때마다, 그 직후에 추가로  씨 뿌리기  행동을 얻습니다.",,a,minorImprovements,https://boardgamegeek.com/geeksearch.php?action=search&objecttype=boardgameaccessory&q=agricola+Agricultural+Fertilizers
A074,외양간용 나무,"내 차례에 외양간을 1개 이상 지을 때마다, 다음 라운드 칸 3개에 <나무> 1개씩을 놓습니다. 해당 라운드가 시작될 때마다 이 <나무>를 가져옵니다.",,a,minorImprovements,https://boardgamegeek.com/geeksearch.php?action=search&objecttype=boardgameaccessory&q=agricola+Stable+Tree
A075,목재소,모든 설비의 비용에서 <나무> 1개씩을 적게 냅니다.,,a,minorImprovements,https://boardgamegeek.com/geeksearch.php?action=search&objecttype=boardgameaccessory&q=agricola+Lumber+Mill
A076,혼합 벽토,"일하기 단계가 시작될 때마다, <CLAY>이 있다면 <GRAIN> 딱 1개를 내고 <CLAY> 2개와 <FOOD> 1개를 가져올 수 있습니다.",,a,minorImprovements,https://boardgamegeek.com/geeksearch.php?action=search&objecttype=boardgameaccessory&q=agricola+Cob
A077,흙지게,"이 카드를 놓을 때, 즉시 <CLAY> 1개를 가져옵니다. 자신을 포함한 누군가가  돼지 시장  누적 칸을 이용할 때마다 즉시 <CLAY> 2개를 가져옵니다.",,a,minorImprovements,https://boardgamegeek.com/geeksearch.php?action=search&objecttype=boardgameaccessory&q=agricola+Hod
A078,통나무배,"낚시  누적 칸을 이용할 때마다, <FOOD> 1개와 <REED> 1개를 추가로 가져옵니다.",,a,minorImprovements,https://boardgamegeek.com/geeksearch.php?action=search&objecttype=boardgameaccessory&q=agricola+Canoe
A079,정원 괭이,"조건 없는  씨 뿌리기  행동을 통해 밭 1개 이상에 <VEGETABLE>를 심을 때마다, <CLAY> 1개와 <STONE> 1개를 가져옵니다.",,a,minorImprovements,https://boardgamegeek.com/geeksearch.php?action=search&objecttype=boardgameaccessory&q=agricola+Garden+Hoe
A080,돌집게,"돌 누적 칸을 이용할 때, <STONE> 1개를 추가로 가져옵니다.",,a,minorImprovements,https://boardgamegeek.com/geeksearch.php?action=search&objecttype=boardgameaccessory&q=agricola+Stone+Tongs
A081,임시 저장고,"흙/갈대/돌 누적 칸을 이용할 때마다 <나무>/<CLAY>/<REED> 1개를 이 카드 위에 놓습니다. 7, 11, 14라운드가 시작될 때마다 이 카드 위에 놓인 물건을 모두 개인 창고에 둡니다.",,a,minorImprovements,https://boardgamegeek.com/geeksearch.php?action=search&objecttype=boardgameaccessory&q=agricola+Interim+Storage
A082,재직 증명서,"행동 칸을 사용할 때마다, 그 직후에 건축 자원이 4개 이상 올려진 건축 자원 누적 칸에서 건축 자원 1개를 가져올 수 있습니다.",,a,minorImprovements,https://boardgamegeek.com/geeksearch.php?action=search&objecttype=boardgameaccessory&q=agricola+Work+Certificate
A083,양치기 지팡이,"4칸 이상을 차지하는 우리를 새로 만들 때마다, 양 2마리를 가져와 새 우리에 넣습니다.",,a,minorImprovements,https://boardgamegeek.com/geeksearch.php?action=search&objecttype=boardgameaccessory&q=agricola+Shepherd's+Crook
A084,생목초,"수확을 하지 않는 라운드의 집에 돌아오기 단계마다, <GRAIN> 딱 1개를 내서 한 종류의 가축을 번식시킬 수 있습니다. 이때 곡식밭에 있는 곡식을 낼 수도 있습니다.",,a,minorImprovements,https://boardgamegeek.com/geeksearch.php?action=search&objecttype=boardgameaccessory&q=agricola+Silage
B085,#N/A,번역 결과 없음,,b,occupations,https://boardgamegeek.com/geeksearch.php?action=search&objecttype=boardgameaccessory&q=agricola+Farm+Hand
B086,송로버섯 채취꾼,이 카드 위에 <PIG>를 키울 수 있습니다. 이 카드 위에 키울 수 있는 멧돼지의 최대 수는 지금까지 완료된 가족 먹여살리기 단계 횟수와 같습니다.,,b,occupations,https://boardgamegeek.com/geeksearch.php?action=search&objecttype=boardgameaccessory&q=agricola+Truffle+Searcher
B087,오두막집살이,"날품팔이  행동 칸을 이용하면, 비용을 내고 방 1개를 만들거나 집을 고칠 수 있습니다.",,b,occupations,https://boardgamegeek.com/geeksearch.php?action=search&objecttype=boardgameaccessory&q=agricola+Cottager
B088,설립자,집에 정확히 방이 2개 있다면 건축 자원을 내지 않고 즉시 집을 고칠 수 있습니다. 이 경우 집을 고친 뒤 즉시  울타리 치기   행동을 할 수 있습니다.,,b,occupations,https://boardgamegeek.com/geeksearch.php?action=search&objecttype=boardgameaccessory&q=agricola+Established+Person
B089,마부,"이 카드를 내려놓으면 즉시 <WOOD> 1개를 가져옵니다. 돌집에 살고 있다면, 매 라운드가 시작될 때마다 <WOOD> 1개를 내고 외양간 1개를 지을 수 있습니다.",,b,occupations,https://boardgamegeek.com/geeksearch.php?action=search&objecttype=boardgameaccessory&q=agricola+Groom
B090,협력 쟁기꾼,"곡식 종자  칸이 차 있을 때  농지  행동 칸을 이용하면, 밭 1개를 추가로 일굴 수 있습니다.",,b,occupations,https://boardgamegeek.com/geeksearch.php?action=search&objecttype=boardgameaccessory&q=agricola+Cooperative+Plower
B091,보조 경작자,"날품팔이  행동 칸을 이용할 때, 밭 1개를 일굴 수 있습니다.",,b,occupations,https://boardgamegeek.com/geeksearch.php?action=search&objecttype=boardgameaccessory&q=agricola+Assistant+Tiller
B092,뜨개질하는 사람,"5라운드부터,  양 시장  누적 칸을 이용할 때마다  빈 방이 있어야만 가족 늘리기  행동도 할 수 있습니다.",,b,occupations,https://boardgamegeek.com/geeksearch.php?action=search&objecttype=boardgameaccessory&q=agricola+Little+Stick+Knitter
B093,절친,"다음 라운드 칸 2, 3, 또는 4개에 개인 창고에서 <FOOD> 1개씩을 가져와 놓습니다. 해당 라운드가 시작될 때 이 <FOOD>을 돌려받고  씨 뿌리기 나  울타리 치기  행동 중 하나를 골라 얻습니다.",,b,occupations,https://boardgamegeek.com/geeksearch.php?action=search&objecttype=boardgameaccessory&q=agricola+Confidant
B094,가축 보호자,"울타리  행동 칸을 이용하기 전에, <WOOD> 2개를 가져옵니다.  울타리  행동 칸 이용을 마치면 즉시 다른 가족 말 1개를 놓을 수 있습니다.",,b,occupations,https://boardgamegeek.com/geeksearch.php?action=search&objecttype=boardgameaccessory&q=agricola+Stock+Protector
B095,숙련 벽돌공,주요 설비를 지을 때마다 초기 집에 추가로 지은 방의 수만큼 <STONE>을 적게 냅니다.,,b,occupations,https://boardgamegeek.com/geeksearch.php?action=search&objecttype=boardgameaccessory&q=agricola+Master+Bricklayer
B096,나무 농장 가구공,"다음 2개의 홀수 라운드 칸 각각 <WOOD> 1개씩을 놓습니다. 해당 라운드가 시작될 때마다 이 <WOOD>를 가져오고, 즉시  보조 설비  행동을 할 수 있습니다.",,b,occupations,https://boardgamegeek.com/geeksearch.php?action=search&objecttype=boardgameaccessory&q=agricola+Tree+Farm+Joiner
B097,학자,"돌집에 살고 있다면, 매 라운드가 시작될 때마다 직업이나 설비를 1개 내려놓을 수 있습니다. 직업을 내려놓으려면 <FOOD> 1개를 내고, 설비를 내려놓으려면 해당 비용을 냅니다.",,b,occupations,https://boardgamegeek.com/geeksearch.php?action=search&objecttype=boardgameaccessory&q=agricola+Scholar
B098,유기 농부,"점수를 계산할 때, 가축이 있으면서 가축을 3마리 이상 더 놓을 수 있는 우리마다 추가 <SCORE> 1점을 받습니다.",,b,occupations,https://boardgamegeek.com/geeksearch.php?action=search&objecttype=boardgameaccessory&q=agricola+Organic+Farmer
B099,가정교사,"[green][tip] 나무는 방을 만들거나, 울타리를 치거나, 외양간을 짓는 등 여러 행동에 쓰이기 때문에 경쟁이 가장 치열한 자원으로 꼽힙니다.[/green]",,b,occupations,https://boardgamegeek.com/geeksearch.php?action=search&objecttype=boardgameaccessory&q=agricola+Tutor
B100,어지럽히는 사람,"점수를 계산할 때, 이 카드 이후에 내려놓은 '누적 칸'이라는 문구가 있는 카드마다 추가 <SCORE> 1점씩을 받습니다.",,b,occupations,https://boardgamegeek.com/geeksearch.php?action=search&objecttype=boardgameaccessory&q=agricola+Clutterer
B101,#N/A,번역 결과 없음,,b,occupations,https://boardgamegeek.com/geeksearch.php?action=search&objecttype=boardgameaccessory&q=agricola+Furniture+Carpenter
B102,상담가,"게임 인원이 1/2/3/4명일 때, 이 카드를 내려놓으면 즉시 <GRAIN> 2개/<CLAY> 3개/<REED> 2개/<SHEEP> 2마리를 가져옵니다.",,b,occupations,https://boardgamegeek.com/geeksearch.php?action=search&objecttype=boardgameaccessory&q=agricola+Consultant
B103,현지 상인,"이 카드를 놓을 때, 즉시 <WOOD> 1개와 <REED> 1개를 가져옵니다.  보조 설비/주요 설비  행동을 하지 않고 넘길 때마다, 대신 <FOOD>/<VEGETABLE> 1개를 가져옵니다.",,b,occupations,https://boardgamegeek.com/geeksearch.php?action=search&objecttype=boardgameaccessory&q=agricola+Field+Merchant
B104,양 보행자,"아무 때나, 내 농장의 <SHEEP> 1마리를 내고 <PIG> 1마리, <VEGETABLE> 1개, <STONE> 1개 중 하나를 가져올 수 있습니다.",,b,occupations,https://boardgamegeek.com/geeksearch.php?action=search&objecttype=boardgameaccessory&q=agricola+Sheep+Walker
B105,상자 만드는 사람,"이 카드를 놓을 때, <FOOD>, <GRAIN>, <VEGETABLE>, <REED>, <WOOD> 중 2개 이상 있는 물건을 각각 1개씩 즉시 가져옵니다.",,b,occupations,https://boardgamegeek.com/geeksearch.php?action=search&objecttype=boardgameaccessory&q=agricola+Case+Builder
B106,도덕성 회복 운동가,"매 라운드를 시작하기 전, 남은 라운드 칸에 가져올 물건이 있으면 <FOOD> 1개를 가져옵니다.",,b,occupations,https://boardgamegeek.com/geeksearch.php?action=search&objecttype=boardgameaccessory&q=agricola+Moral+Crusader
B107,하인,"돌집에 살고 있다면, 남은 모든 라운드 칸에 <FOOD> 3개씩을 놓습니다. 해당 라운드가 시작될 때마다 이 <FOOD>을 가져옵니다.",,b,occupations,https://boardgamegeek.com/geeksearch.php?action=search&objecttype=boardgameaccessory&q=agricola+Manservant
B108,가마 때는 사람,"나무 누적 칸을 이용할 때,  빵 굽기  행동을 추가로 합니다.",,b,occupations,https://boardgamegeek.com/geeksearch.php?action=search&objecttype=boardgameaccessory&q=agricola+Oven+Firing+Boy
B109,제지업자,"다음부터 직업을 내려놓을 때, 직업 비용을 내기 전에 <WOOD> 1개를 내고 내려놓은 직업 수만큼 <FOOD>을 가져올 수 있습니다.",,b,occupations,https://boardgamegeek.com/geeksearch.php?action=search&objecttype=boardgameaccessory&q=agricola+Paper+Maker
B110,도로 포장공,"라운드 준비 단계가 끝날 때, <STONE>을 가지고 있다면 <FOOD> 1개를 가져옵니다. 14라운드에는 대신 <VEGETABLE> 1개를 가져옵니다.",,b,occupations,https://boardgamegeek.com/geeksearch.php?action=search&objecttype=boardgameaccessory&q=agricola+Pavior
B111,시골뜨기,만드는 흙집 방마다 <FOOD> 2개와 추가 <SCORE> 1점을 받습니다. (돌집 방이나 고친 나무집 방으로는 받을 수 없습니다),,b,occupations,https://boardgamegeek.com/geeksearch.php?action=search&objecttype=boardgameaccessory&q=agricola+Rustic
B112,저장고 관리인,"가장 최근의 수확 직전에 공개된 행동 카드를 이용할 때마다, <GRAIN> 1개를 추가로 가져옵니다.",,b,occupations,https://boardgamegeek.com/geeksearch.php?action=search&objecttype=boardgameaccessory&q=agricola+Silokeeper
B113,작은 밭 돌보미,"이 카드를 내려놓을 때, <FOOD> 1개를 내고 <GRAIN> 1개를 가져오거나 <FOOD> 3개를 내고 <VEGETABLE> 1개를 가져올 수 있습니다. 이 카드는 밭으로 기능합니다.",,b,occupations,https://boardgamegeek.com/geeksearch.php?action=search&objecttype=boardgameaccessory&q=agricola+Patch+Caregiver
B114,무자식,"라운드가 시작될 때마다 방이 3개 이상인 집에 살지만 가족이 2명 뿐이라면, <FOOD> 1개와 작물 1개(<GRAIN> 또는 <VEGETABLE>)를 가져올 수 있습니다.",,b,occupations,https://boardgamegeek.com/geeksearch.php?action=search&objecttype=boardgameaccessory&q=agricola+Childless
B115,판금 명인,"외양간이 없는 우리에 가축을 1마리씩 더 키울 수 있습니다. 밭에 씨를 뿌릴 때마다, 그 밭에 해당 물건을 추가로 1개 더 놓을 수 있습니다.",,b,occupations,https://boardgamegeek.com/geeksearch.php?action=search&objecttype=boardgameaccessory&q=agricola+Tinsmith+Master
B116,해안 감독관,이 카드를 놓을 때와 라운드 준비 단계에서 빈  갈대밭  누적 칸에 <REED> 1개가 놓일 때마다 <WOOD> 1개를 가져옵니다.,,b,occupations,https://boardgamegeek.com/geeksearch.php?action=search&objecttype=boardgameaccessory&q=agricola+Shoreforester
B117,정보원,"이 카드를 놓을 때, 즉시 <WOOD> 1개를 가져옵니다. 일하기 단계가 끝날 때마다, <CLAY>보다 <STONE>이 더 많으면 <WOOD> 1개를 가져옵니다.",,b,occupations,https://boardgamegeek.com/geeksearch.php?action=search&objecttype=boardgameaccessory&q=agricola+Informant
B118,소규모 농부,"방이 2개인 집에서 살고 있다면, 라운드가 시작될 때마다 <WOOD> 1개를 가져옵니다.",,b,occupations,https://boardgamegeek.com/geeksearch.php?action=search&objecttype=boardgameaccessory&q=agricola+Small-scale+Farmer
B119,벌목꾼,"즉시 <WOOD> 1개를 가져오고, 친 울타리 수까지의 남은 라운드 칸에 <WOOD> 1개씩을 놓습니다. 해당 라운드가 시작될 때마다 이 <WOOD>를 가져옵니다.",,b,occupations,https://boardgamegeek.com/geeksearch.php?action=search&objecttype=boardgameaccessory&q=agricola+Lumberjack
B120,굴뚝 청소부,"집을 돌집으로 고칠 때 <STONE> 2개를 적게 냅니다. 점수를 계산할 때, 돌집에 사는 다른 플레이어 수만큼 추가 <SCORE>를 받습니다.",,b,occupations,https://boardgamegeek.com/geeksearch.php?action=search&objecttype=boardgameaccessory&q=agricola+Chimney+Sweep
B121,지질학자,"숲 이나  갈대밭  누적 칸을 이용할 때마다, <CLAY> 1개를 가져옵니다. 3명 이상이 게임을 하고 있다면  흙 채굴장 에도 이를 적용합니다.",,b,occupations,https://boardgamegeek.com/geeksearch.php?action=search&objecttype=boardgameaccessory&q=agricola+Geologist
B122,광물학자,"흙/돌 누적 칸을 이용할 때마다, <STONE>/<CLAY> 1개를 추가로 가져옵니다.",,b,occupations,https://boardgamegeek.com/geeksearch.php?action=search&objecttype=boardgameaccessory&q=agricola+Mineralogist
B123,지붕 다지는 사람,이 카드를 내려놓으면 즉시 <FOOD> 1개를 내고 방 갯수만큼 <STONE> 을 가져올 수 있습니다.,,b,occupations,https://boardgamegeek.com/geeksearch.php?action=search&objecttype=boardgameaccessory&q=agricola+Roof+Ballaster
B124,농장 다듬는 사람,"일하기 단계에서, 1개 이상의 농장 칸을 울타리로 둘러쌀 때마다 <STONE> 2개를 가져옵니다. (이미 있는 우리를 나누는 것은 해당되지 않습니다)",,b,occupations,https://boardgamegeek.com/geeksearch.php?action=search&objecttype=boardgameaccessory&q=agricola+Trimmer
B125,사유지 일꾼,"다음 라운드 칸 4개에 <WOOD> 1개, <CLAY> 1개, <REED> 1개, <STONE> 1개를 순서대로 놓습니다. 해당 라운드가 시작될 때마다 이 건축 자원을 가져옵니다.",,b,occupations,https://boardgamegeek.com/geeksearch.php?action=search&objecttype=boardgameaccessory&q=agricola+Estate+Worker
B126,목수,"방을 한 번에 2개 이상 만들 때마다, 총 비용에서 <REED> 2개를 할인받습니다. 그렇게 만드는 방이 나무집/흙집/돌집 방이라면 총 비용에서 추가로 <WOOD> 2개/<CLAY> 3개/<STONE> 4개를 할인받습니다.",,b,occupations,https://boardgamegeek.com/geeksearch.php?action=search&objecttype=boardgameaccessory&q=agricola+Carpenter
B127,유혹하는 사람,"5라운드나 그 이후에 이 카드를 놓으면 즉시 <STONE> 1개, <GRAIN> 1개, <VEGETABLE> 1개, <SHEEP> 1마리를 내고  빈 방이 없어도 가족 늘리기  행동을 할 수 있습니다.",,b,occupations,https://boardgamegeek.com/geeksearch.php?action=search&objecttype=boardgameaccessory&q=agricola+Seducer
B128,배관공,"주요 설비  행동 칸을 이용한 뒤, <CLAY> 2개나 <STONE> 2개를 적게 내고  집 고치기  행동을 할 수 있습니다.",,b,occupations,https://boardgamegeek.com/geeksearch.php?action=search&objecttype=boardgameaccessory&q=agricola+Plumber
B129,짝꿍,13라운드 행동 칸에 내 바로 왼쪽이나 오른쪽 플레이어의 가족 말이 놓여있더라도 그 칸을 이용할 수 있습니다.,,b,occupations,https://boardgamegeek.com/geeksearch.php?action=search&objecttype=boardgameaccessory&q=agricola+Seatmate
B130,완벽한 소작농,"곡식 활용 이나  울타리  행동 칸 중 하나를 이용했을 때 나머지 칸이 비어있었다면,  <FOOD> 1개를 내고 같은 가족 구성원으로 나머지 칸도 함께 이용할 수 있습니다.",,b,occupations,https://boardgamegeek.com/geeksearch.php?action=search&objecttype=boardgameaccessory&q=agricola+Full+Peasant
B131,준비된 사람,"나무 누적 칸을 이용한 뒤, 보조 설비 하나를 내려놓을 수 있습니다.",,b,occupations,https://boardgamegeek.com/geeksearch.php?action=search&objecttype=boardgameaccessory&q=agricola+Equipper
B132,사유지 주인,"게임 중 한 번이라도 농장에 더 이상 빈칸이 없게 되면, 그 이후 수확하는 각각의 <VEGETABLE> 1개당 추가 <SCORE> 1점씩을 받습니다.",,b,occupations,https://boardgamegeek.com/geeksearch.php?action=search&objecttype=boardgameaccessory&q=agricola+Estate+Master
B133,마을 소작농,"점수 계산을 시작할 때, 자기 주요 설비, 보조 설비, 직업 중 가장 적은 수만큼 <VEGETABLE>를 가져옵니다.",,b,occupations,https://boardgamegeek.com/geeksearch.php?action=search&objecttype=boardgameaccessory&q=agricola+Village+Peasant
B134,생활서 대가,"이 카드를 낸 뒤, 13/12/11라운드까지 집을 돌집으로 고치면 즉시 <FOOD> 1/2/3개와 추가 <SCORE> 1/2/3점을 받습니다.",,b,occupations,https://boardgamegeek.com/geeksearch.php?action=search&objecttype=boardgameaccessory&q=agricola+Housebook+Master
B135,영양 전문가,"매 라운드가 시작될 때마다, 아무 가축 1마리, <GRAIN> 1개, <VEGETABLE> 1개를 내고 <FOOD> 5개와 추가 <SCORE> 2점을 받을 수 있습니다.",,b,occupations,https://boardgamegeek.com/geeksearch.php?action=search&objecttype=boardgameaccessory&q=agricola+Nutrition+Expert
B136,집사,"음식 누적 칸에서 정확히 <FOOD> 2/3/4/5개를 가져올 때마다, <STONE>/<REED>/<CLAY>/<WOOD> 1개를 추가로 가져옵니다. <FOOD>을 6개 이상 가져오면 아무것도 추가로 가져올 수 없습니다.",,b,occupations,https://boardgamegeek.com/geeksearch.php?action=search&objecttype=boardgameaccessory&q=agricola+House+Steward
B137,도매업자,"이 카드에 <VEGETABLE> 1개, <PIG> 1마리, <STONE> 1개, <CATTLE> 1마리를 놓습니다. 8~11라운드 행동 칸을 이용할 때마다, 이용한 행동 칸에 맞는 물건을 이 카드에서 가져옵니다.",,b,occupations,https://boardgamegeek.com/geeksearch.php?action=search&objecttype=boardgameaccessory&q=agricola+Wholesaler
B138,삼림 수호자,"이 카드를 놓을 때, 즉시 <WOOD> 2개를 가져옵니다. 다른 플레이어가 누적 칸에서 <WOOD>를 5개 이상 가져가려면 이 카드를 내려놓은 플레이어에게 <FOOD> 1개를 내야 합니다.",,b,occupations,https://boardgamegeek.com/geeksearch.php?action=search&objecttype=boardgameaccessory&q=agricola+Forest+Guardian
B139,삼림 과학자,"매 라운드의 집에 돌아오기 단계에서, 게임판에 나무가 없다면 <FOOD> 1개를 가져옵니다. 5라운드부터는 <FOOD> 2개를 가져옵니다.",,b,occupations,https://boardgamegeek.com/geeksearch.php?action=search&objecttype=boardgameaccessory&q=agricola+Forest+Scientist
B140,#N/A,번역 결과 없음,,b,occupations,https://boardgamegeek.com/geeksearch.php?action=search&objecttype=boardgameaccessory&q=agricola+Farmyard+Worker
B141,밭 관리인,이 카드를 내려놓으면 즉시 <CLAY> 0/1/3개를 내고 <GRAIN> 1/2/3개를 가져올 수 있습니다. 이 카드는 밭으로 기능합니다.,,b,occupations,https://boardgamegeek.com/geeksearch.php?action=search&objecttype=boardgameaccessory&q=agricola+Field+Caretaker
B142,채소 장수,"매 라운드가 시작될 때마다, 다음 중 하나를 고를 수 있습니다: <CATTLE> 1마리 <ARROW> <VEGETABLE> 1개; <VEGETABLE> 1개 <ARROW> <CATTLE> 1마리; <SHEEP> 2마리 <ARROW> <VEGETABLE> 1개; <VEGETABLE> 1개 <ARROW> <SHEEP> 2마리; <FOOD> 2개 <ARROW> <GRAIN> 1개; <GRAIN> 1개 <ARROW> <FOOD> 2개",,b,occupations,https://boardgamegeek.com/geeksearch.php?action=search&objecttype=boardgameaccessory&q=agricola+Greengrocer
B143,흙 파수꾼,다른 플레이어가  점토 채굴장  누적 칸을 이용할 때마다 <CLAY> 1개를 가져옵니다. 3/4인 게임에서는 <CLAY> 1개/<FOOD> 1개를 추가로 가져옵니다.,,b,occupations,https://boardgamegeek.com/geeksearch.php?action=search&objecttype=boardgameaccessory&q=agricola+Clay+Warden
B144,석탄 광부,흙 채굴장 이나  점토 채굴장  누적 칸을 이용할 때마다 <WOOD> 1개를 가져옵니다.  흙 채굴장 을 이용할 때는 <REED> 1개도 함께 가져옵니다.,,b,occupations,https://boardgamegeek.com/geeksearch.php?action=search&objecttype=boardgameaccessory&q=agricola+Collier
B145,나뭇가지 모으는 사람,"방을 만들 때나 집을 고칠 때마다, 필요한 <REED> 1개나 2개를 <WOOD> 1개로 대신할 수 있습니다.",,b,occupations,https://boardgamegeek.com/geeksearch.php?action=search&objecttype=boardgameaccessory&q=agricola+Brushwood+Collector
B146,환영술사,"건축 자원 누적 칸을 이용할 때마다, 손에서 카드 1장을 버리고 그 누적 칸에 해당하는 건축 자원 1개를 추가로 가져올 수 있습니다.",,b,occupations,https://boardgamegeek.com/geeksearch.php?action=search&objecttype=boardgameaccessory&q=agricola+Illusionist
B147,사냥꾼,"나무 누적 칸을 이용한 뒤, <GRAIN> 1개를 내고 <PIG> 1마리를 가져올 수 있습니다.",,b,occupations,https://boardgamegeek.com/geeksearch.php?action=search&objecttype=boardgameaccessory&q=agricola+Huntsman
B148,애완동물 중개인,"이 카드를 놓을 때, 즉시 <SHEEP> 1마리를 가져옵니다. 내 앞에 있는 직업 수만큼 이 카드에 <SHEEP>을 키울 수 있습니다.",,b,occupations,https://boardgamegeek.com/geeksearch.php?action=search&objecttype=boardgameaccessory&q=agricola+Pet+Broker
B149,방목 농부,"이 카드를 내려놓을 때, 개인 창고에 <STABLE>이 적어도 3개 있다면, 이 외양간 3개를 게임으로부터 제거하고, 2칸을 차지하도록 우리를 짓습니다. 이때 울타리 비용으로 <WOOD> 2개만 냅니다.",,b,occupations,https://boardgamegeek.com/geeksearch.php?action=search&objecttype=boardgameaccessory&q=agricola+Open+Air+Farmer
B150,스케일이 큰 농부,"농장 확장 이나  주요 설비  행동 칸 중 하나를 이용했을 때 나머지 칸이 비어있었다면,  <FOOD> 1개를 내고 같은 가족 구성원으로 나머지 칸도 함께 이용할 수 있습니다.",,b,occupations,https://boardgamegeek.com/geeksearch.php?action=search&objecttype=boardgameaccessory&q=agricola+Large-Scale+Farmer
B151,작은 농부,"즉시 <STONE> 1개를 가져옵니다. 정확히 방이 2개인 나무집에 살고 있는 동안, 회합 장소를 제외한 다른 행동 칸을 비어있는 칸으로 취급합니다.",,b,occupations,https://boardgamegeek.com/geeksearch.php?action=search&objecttype=boardgameaccessory&q=agricola+Little+Peasant
B152,초보 예술가,"날품팔이  행동 칸을 이용한 뒤, <FOOD> 1개를 내면 같은 가족 구성원으로 빈  유랑극단 이나  교습  행동 칸을 이용할 수 있습니다.",,b,occupations,https://boardgamegeek.com/geeksearch.php?action=search&objecttype=boardgameaccessory&q=agricola+Junior+Artist
B153,집주인,"점수를 계산할 때, 주요 설비의 기본 점수를 더합니다. 가장 점수가 낮은 설비의 점수는 2배로 계산합니다. 만약 합계가 5/7/9/11 이상이라면 추가 <SCORE> 1/2/3/4점을 받습니다.",,b,occupations,https://boardgamegeek.com/geeksearch.php?action=search&objecttype=boardgameaccessory&q=agricola+Housemaster
B154,양 파수꾼,"<SHEEP>이 7마리 미만일 때에만 이 카드를 내려놓을 수 있습니다. 게임 중 1번, <SHEEP>이 7마리 있을 때 즉시 <FOOD> 2개와 추가 <SCORE> 3점을 받습니다.",,b,occupations,https://boardgamegeek.com/geeksearch.php?action=search&objecttype=boardgameaccessory&q=agricola+Sheep+Keeper
B155,미술 교사,"이 카드를 놓을 때, 즉시 <WOOD> 1개와 <REED> 1개를 가져옵니다. 직업 비용을 낼 때,  유랑극단  누적 칸에 있는 <FOOD>을 사용할 수 있습니다.",,b,occupations,https://boardgamegeek.com/geeksearch.php?action=search&objecttype=boardgameaccessory&q=agricola+Art+Teacher
B156,창고 관리인,"자원 시장  행동 칸을 이용할 때, <CLAY> 1개나 <GRAIN> 1개를 추가로 가져옵니다.",,b,occupations,https://boardgamegeek.com/geeksearch.php?action=search&objecttype=boardgameaccessory&q=agricola+Storehouse+Keeper
B157,제염업자,"아무 때나, 농장에서 <SHEEP>/<PIG>/<CATTLE> 1마리를 낼 수 있습니다. 그렇게 했다면, 다음 라운드 칸 3/5/7개에 <FOOD> 1개씩을 놓습니다. 해당 라운드가 시작될 때마다 이 <FOOD>을 가져옵니다.",,b,occupations,https://boardgamegeek.com/geeksearch.php?action=search&objecttype=boardgameaccessory&q=agricola+Salter
B158,지역 감독관,"일하기 단계가 끝날 때,  숲 과  수풀  누적 칸을 모두 내가 사용했다면 <FOOD> 5개를 가져옵니다.",,b,occupations,https://boardgamegeek.com/geeksearch.php?action=search&objecttype=boardgameaccessory&q=agricola+District+Manager
B159,농경 대장,"다른 플레이어가 이미 놓여있는 밭 타일 옆에 새로운 밭 타일을 놓을 때마다, 그렇게 놓은 밭 타일마다 공동 창고에서 <FOOD> 1개씩을 가져옵니다. 14라운드에서는 음식 대신 <GRAIN> 1개씩을 가져옵니다.",,b,occupations,https://boardgamegeek.com/geeksearch.php?action=search&objecttype=boardgameaccessory&q=agricola+Lieutenant+General
B160,선술집 주인,"이 카드를 놓을 때와 일하기 단계가 끝날 때마다,  숲 ,  흙 채굴장 ,  갈대밭  누적 칸이 모두 차 있다면 <GRAIN> 1개를 가져옵니다.",,b,occupations,https://boardgamegeek.com/geeksearch.php?action=search&objecttype=boardgameaccessory&q=agricola+Pub+Owner
B161,약골,"일하기 단계의 내 차례마다, 5개 이상의 물건이 놓여 있는 누적 칸이 하나 이상 있고 내가 그 누적 칸 중 어느 것도 이용하지 않았다면, <VEGETABLE> 1개를 가져옵니다.",,b,occupations,https://boardgamegeek.com/geeksearch.php?action=search&objecttype=boardgameaccessory&q=agricola+Weakling
B162,산림 개간하는 사람,"나무 누적 칸에서 <WOOD>를 정확히 2/3/4개 가져올 때마다, <WOOD> 1개와 <FOOD> 1/0/1개를 추가로 가져옵니다.",,b,occupations,https://boardgamegeek.com/geeksearch.php?action=search&objecttype=boardgameaccessory&q=agricola+Forest+Clearer
B163,목사,"방이 2개뿐인 집에 사는 유일한 플레이어가 되면, 즉시 <WOOD> 3개와 <CLAY> 2개, <REED> 1개, <STONE> 1개를 가져옵니다 (1회용).",,b,occupations,https://boardgamegeek.com/geeksearch.php?action=search&objecttype=boardgameaccessory&q=agricola+Pastor
B164,양의 친구,"현재 라운드에 2, 5, 8, 10을 더한 라운드 칸에 <SHEEP> 1마리씩을 놓습니다. 해당 라운드가 시작될 때마다 이 <SHEEP>을 가져옵니다.",,b,occupations,https://boardgamegeek.com/geeksearch.php?action=search&objecttype=boardgameaccessory&q=agricola+Sheep+Whisperer
B165,사냥감 공급자,"매 수확 직전에 , 곡식밭 1/3/4개에서 <GRAIN> 1개씩을 버리고 <PIG> 1/2/3마리를 가져올 수 있습니다.",,b,occupations,https://boardgamegeek.com/geeksearch.php?action=search&objecttype=boardgameaccessory&q=agricola+Game+Provider
B166,소 사육사,"곡식 종자  행동 칸을 이용할 때, <FOOD> 1개를 내고 <CATTLE> 1마리를 살 수 있습니다.",,b,occupations,https://boardgamegeek.com/geeksearch.php?action=search&objecttype=boardgameaccessory&q=agricola+Cattle+Feeder
B167,외양간 관리인,"이 카드를 내려놓을 때, <FOOD> 2개를 내고 <SHEEP> 1마리, <PIG> 1마리, <CATTLE> 1마리를 가져올 수 있습니다. 단, 이렇게 가져온 가축을 모두 농장에 수용할 수 있어야 합니다.",,b,occupations,https://boardgamegeek.com/geeksearch.php?action=search&objecttype=boardgameaccessory&q=agricola+Stable+Sergeant
B168,우리 명인,"집을 고칠 때마다, <FOOD> 2개와 외양간이 있는 우리 안에 있는 가축을 각각 1마리씩 가져옵니다.",,b,occupations,https://boardgamegeek.com/geeksearch.php?action=search&objecttype=boardgameaccessory&q=agricola+Pasture+Master
B169,#N/A,번역 결과 없음,,b,occupations,https://boardgamegeek.com/geeksearch.php?action=search&objecttype=boardgameaccessory&q=agricola+Livestock+Sustainer
B170,#N/A,번역 결과 없음,,b,occupations,https://boardgamegeek.com/geeksearch.php?action=search&objecttype=boardgameaccessory&q=agricola+Corral+Builder
B171,#N/A,번역 결과 없음,,b,occupations,https://boardgamegeek.com/geeksearch.php?action=search&objecttype=boardgameaccessory&q=agricola+Greenhouse+Builder
B172,#N/A,번역 결과 없음,,b,occupations,https://boardgamegeek.com/geeksearch.php?action=search&objecttype=boardgameaccessory&q=agricola+Cattle+Caregiver
B173,#N/A,번역 결과 없음,,b,occupations,https://boardgamegeek.com/geeksearch.php?action=search&objecttype=boardgameaccessory&q=agricola+Sweeper
B174,#N/A,번역 결과 없음,,b,occupations,https://boardgamegeek.com/geeksearch.php?action=search&objecttype=boardgameaccessory&q=agricola+Riverbank+Gardener
B175,#N/A,번역 결과 없음,,b,occupations,https://boardgamegeek.com/geeksearch.php?action=search&objecttype=boardgameaccessory&q=agricola+Field+Overseer
B176,#N/A,번역 결과 없음,,b,occupations,https://boardgamegeek.com/geeksearch.php?action=search&objecttype=boardgameaccessory&q=agricola+Village+Idiot
B177,#N/A,번역 결과 없음,,b,occupations,https://boardgamegeek.com/geeksearch.php?action=search&objecttype=boardgameaccessory&q=agricola+Stone+Clawer
B178,#N/A,번역 결과 없음,,b,occupations,https://boardgamegeek.com/geeksearch.php?action=search&objecttype=boardgameaccessory&q=agricola+Tag-Along
B179,#N/A,번역 결과 없음,,b,occupations,https://boardgamegeek.com/geeksearch.php?action=search&objecttype=boardgameaccessory&q=agricola+Wild+Boar+Hunter
B180,#N/A,번역 결과 없음,,b,occupations,https://boardgamegeek.com/geeksearch.php?action=search&objecttype=boardgameaccessory&q=agricola+Game+Teaser
B001,생활방식 고급화,즉시 <CLAY> 5개를 가져옵니다. 그 뒤 비용을 내고  집 고치기  행동을 할 수 있습니다.,,b,minorImprovements,https://boardgamegeek.com/geeksearch.php?action=search&objecttype=boardgameaccessory&q=agricola+Upscale+Lifestyle
B002,작은 우리,즉시 1칸짜리 우리가 생기도록 울타리를 칩니다. (<나무>를 낼 필요가 없습니다.),,b,minorImprovements,https://boardgamegeek.com/geeksearch.php?action=search&objecttype=boardgameaccessory&q=agricola+Mini+Pasture
B003,밀주,"손에서 직업 1장을 무작위로 뽑습니다. 이렇게 뽑은 직업을 직업 비용으로 <FOOD> 2개를 내고 내려놓거나, 다음 플레이어에게 넘깁니다.",,b,minorImprovements,https://boardgamegeek.com/geeksearch.php?action=search&objecttype=boardgameaccessory&q=agricola+Moonshine
B004,장작더미,즉시 누적 칸에 있는 자기 가족 구성원 수만큼 <나무>를 가져옵니다.,,b,minorImprovements,https://boardgamegeek.com/geeksearch.php?action=search&objecttype=boardgameaccessory&q=agricola+Wood+Pile
B005,경험의 간직,손에 직업 0~4/5/6/7개가 남아있다면 즉시 <STONE>/<REED>/<CLAY>/<나무> 1개를 가져옵니다.,,b,minorImprovements,https://boardgamegeek.com/geeksearch.php?action=search&objecttype=boardgameaccessory&q=agricola+Store+of+Experience
B006,채석장 현장학습,즉시 가족 구성원 수와 같은 개수의 <STONE>을 가져옵니다.,,b,minorImprovements,https://boardgamegeek.com/geeksearch.php?action=search&objecttype=boardgameaccessory&q=agricola+Excursion+to+the+Quarry
B007,임금,"즉시 <FOOD> 2개를 가져오고, 가지고 있는 주요 설비 중 주요 설비판의 아랫줄에서 가져온 주요 설비 1개마다 <FOOD> 1개씩을 추가로 가져옵니다.",,b,minorImprovements,https://boardgamegeek.com/geeksearch.php?action=search&objecttype=boardgameaccessory&q=agricola+Wage
B008,노점,"매 수확의 농장 단계가 끝난 후에, 개인 창고에 있는 <FENCE> 1개와 <GRAIN> 1개를 <FOOD> 5개로 바꿀 수 있습니다.",,b,minorImprovements,https://boardgamegeek.com/geeksearch.php?action=search&objecttype=boardgameaccessory&q=agricola+Market+Stall
B009,회초리,"즉시 <REED> 1개를 가져오거나, <REED> 1개를 내고<CATTLE> 1마리를 가져올 수 있습니다.",,b,minorImprovements,https://boardgamegeek.com/geeksearch.php?action=search&objecttype=boardgameaccessory&q=agricola+Beating+Rod
B010,포장마차,이 카드는 가족 구성원 1명을 위한 방을 제공합니다.,,b,minorImprovements,https://boardgamegeek.com/geeksearch.php?action=search&objecttype=boardgameaccessory&q=agricola+Caravan
B011,가축 사육장,"이 카드 위에 내 우리 수만큼 가축을 키울 수 있습니다. 수확 중 번식 단계가 끝날 때마다, 이 카드에 남은 자리만큼 <FOOD>을 가져옵니다.",,b,minorImprovements,https://boardgamegeek.com/geeksearch.php?action=search&objecttype=boardgameaccessory&q=agricola+Feedyard
B012,가축 수용소,이 카드 위에 한 종류의 가축 3마리까지를 키울 수 있습니다. (이 카드는 우리로 간주하지 않습니다),,b,minorImprovements,https://boardgamegeek.com/geeksearch.php?action=search&objecttype=boardgameaccessory&q=agricola+Stockyard
B013,목수의 객실,나무집에 방을 만들 때 <REED> 2개와 <나무> 2개만 냅니다.,,b,minorImprovements,https://boardgamegeek.com/geeksearch.php?action=search&objecttype=boardgameaccessory&q=agricola+Carpenter's+Parlor
B014,관측탑,12라운드 칸에 돌집 방 1개를 놓습니다. 만약 12라운드가 시작될 때 돌집에 살고 있다면 놓은 돌집을 비용을 내지 않고 만들 수 있습니다. 그렇지 않다면 돌집을 버립니다.,,b,minorImprovements,https://boardgamegeek.com/geeksearch.php?action=search&objecttype=boardgameaccessory&q=agricola+Hawktower
B015,목수의 작업대,"나무 누적 칸을 이용할 때마다 그 후에 즉시, 지금 가져간 나무만을 사용하여 새로운 우리 딱 1개를 지을 수 있습니다. 이때, 사용한 울타리 중 1개는 무료입니다.",,b,minorImprovements,https://boardgamegeek.com/geeksearch.php?action=search&objecttype=boardgameaccessory&q=agricola+Carpenter's+Bench
B016,채굴 망치,"이 카드를 내려놓으면 즉시 <FOOD> 1개를 가져옵니다. 집을 고칠 때마다, <나무>를 내지 않고 외양간 1개를 지을 수 있습니다.",,b,minorImprovements,https://boardgamegeek.com/geeksearch.php?action=search&objecttype=boardgameaccessory&q=agricola+Mining+Hammer
B017,숲쟁기,"나무 누적 칸을 이용한 뒤, <나무> 2개를 이용한 <나무> 누적 칸에 내고 밭 1개를 일굴 수 있습니다.",,b,minorImprovements,https://boardgamegeek.com/geeksearch.php?action=search&objecttype=boardgameaccessory&q=agricola+Forest+Plow
B018,초원 써레,현재 라운드 수에 개인 창고에 있는 건축 자원 개수를 더한 라운드 칸에 밭 1개를 놓습니다. 해당 라운드가 시작될 때  이 밭을 일굴 수 있습니다.,,b,minorImprovements,https://boardgamegeek.com/geeksearch.php?action=search&objecttype=boardgameaccessory&q=agricola+Grassland+Harrow
B019,이중날 쟁기,"이 카드 위에 밭 타일 2개를 놓습니다. 게임 중 2번,  농지  행동 칸을 이용할 때 이 카드 위에 있는 밭 1개를 추가로 일굽니다.",,b,minorImprovements,https://boardgamegeek.com/geeksearch.php?action=search&objecttype=boardgameaccessory&q=agricola+Moldboard+Plow
B020,사슬 써레,"현재 라운드에 7, 8, 9를 더한 라운드 칸에 밭 타일 1개씩을 놓습니다. 해당 라운드가 시작될 때마다 이 밭을 일굴 수 있습니다.",,b,minorImprovements,https://boardgamegeek.com/geeksearch.php?action=search&objecttype=boardgameaccessory&q=agricola+Chain+Float
B021,#N/A,<FOOD> 4개를 이 카드 위에 놓습니다. <GRAIN>을 1개 이상 가져올 때마다 이 카드 위에 있는 <FOOD> 1개를 가져옵니다. 이 카드의 음식이 모두 없어지면 즉시  빈 방이 없어도 가족 늘리기  행동을 할 수 있습니다.,,b,minorImprovements,https://boardgamegeek.com/geeksearch.php?action=search&objecttype=boardgameaccessory&q=agricola+Hayloft+Barn
B022,워킹화,즉시 <FOOD> 2개를 가져옵니다. 즉시 개인 창고에서 가족 말 1개를 가져와 원하는 곳에 놓고 행동합니다. 다음 집에 돌아오기 단계에 이 가족 말을 게임에서 제거합니다 (이번 게임에서 더 이상 사용할 수 없습니다).,,b,minorImprovements,https://boardgamegeek.com/geeksearch.php?action=search&objecttype=boardgameaccessory&q=agricola+Walking+Boots
B023,마지막 시나리오,갱신: 14라운드에 놓을 행동 칸 카드를 공개합니다. 이렇게 공개한 행동 칸 카드는 14라운드 전까지는 이 카드를 놓은 사람만 이용할 수 있습니다.,,b,minorImprovements,https://boardgamegeek.com/geeksearch.php?action=search&objecttype=boardgameaccessory&q=agricola+Final+Scenario
B024,올가미 밧줄,"자기 차례에 가족 말 2개를 연속으로 놓을 수 있습니다. 이 기능을 쓸 경우 연속으로 놓는 두 말 중 하나는 반드시  양 시장 ,  돼지 시장 ,  소 시장  누적 칸 중 하나를 이용해야 합니다.",,b,minorImprovements,https://boardgamegeek.com/geeksearch.php?action=search&objecttype=boardgameaccessory&q=agricola+Lasso
B025,빵삽,"이 카드를 내려놓으면 즉시 <FOOD> 1개를 가져옵니다. 직업 1개를 내려놓을 때마다,  빵 굽기  행동을 추가로 할 수 있습니다.",,b,minorImprovements,https://boardgamegeek.com/geeksearch.php?action=search&objecttype=boardgameaccessory&q=agricola+Bread+Paddle
B026,농지 울타리,"곡식 활용  행동 칸을 이용할 때마다, 곡식 활용 행동 칸에서 얻는 2가지 행동 중 하나를  울타리 치기 로 대신할 수 있습니다.",,b,minorImprovements,https://boardgamegeek.com/geeksearch.php?action=search&objecttype=boardgameaccessory&q=agricola+Agrarian+Fences
B027,공구 상자,"일하기 단계에 방, 외양간, 또는 울타리를 1개 이상 짓고 차례를 끝낼 때마다,  가구 제작소 ,  그릇 제작소 , 또는  바구니 제작소  주요 설비를 지을 수 있습니다.",,b,minorImprovements,https://boardgamegeek.com/geeksearch.php?action=search&objecttype=boardgameaccessory&q=agricola+Toolbox
B028,산림 관리 연구,"숲  누적 칸을 이용한 뒤, <나무> 2개를 숲 누적 칸에 되돌리면 비용을 내지 않고 직업 1개를 내려놓을 수 있습니다.",,b,minorImprovements,https://boardgamegeek.com/geeksearch.php?action=search&objecttype=boardgameaccessory&q=agricola+Forestry+Studies
B029,요리 교습,교습  행동 칸과 화로 계열 설비를 같은 차례에 이용할 때마다 추가 <SCORE> 1점을 받습니다.,,b,minorImprovements,https://boardgamegeek.com/geeksearch.php?action=search&objecttype=boardgameaccessory&q=agricola+Cookery+Lesson
B030,#N/A,번역 결과 없음,,b,minorImprovements,https://boardgamegeek.com/geeksearch.php?action=search&objecttype=boardgameaccessory&q=agricola+Wood+Palisades
B031,그릇 제조장,"점수를 계산할 때, 농장에 빈칸 2개 이상이 인접해 있다면, 추가 <SCORE> 2점을 받습니다. (빈칸으로 인한 감점은 여전히 받습니다)",,b,minorImprovements,https://boardgamegeek.com/geeksearch.php?action=search&objecttype=boardgameaccessory&q=agricola+Pottery+Yard
B032,주전자,"아무 때나, <GRAIN> 1/3/5개를 <FOOD> 3/4/5개와 추가 <SCORE> 0/1/2점으로 바꿀 수 있습니다.",,b,minorImprovements,https://boardgamegeek.com/geeksearch.php?action=search&objecttype=boardgameaccessory&q=agricola+Kettle
B033,벽난로 선반,이 카드를 내려놓으면 즉시 남은 라운드당 추가 <SCORE> 1점씩을 받습니다. 더 이상 집을 고칠 수 없습니다.,,b,minorImprovements,https://boardgamegeek.com/geeksearch.php?action=search&objecttype=boardgameaccessory&q=agricola+Mantlepiece
B034,특별한 음식,"이 카드를 놓은 후 바로 다음 한 번, 누적 칸에서 가축을 가져와 농장에 모두 수용할 때, 그렇게 가져온 가축 1마리마다 추가 <SCORE> 1점씩을 받습니다.",,b,minorImprovements,https://boardgamegeek.com/geeksearch.php?action=search&objecttype=boardgameaccessory&q=agricola+Special+Food
B035,갈고리 칼,"게임 중 1번, 1/2/3/4/5/6인 게임에서 <SHEEP>이 9/8/7/6/5/5마리 있을 때 즉시 추가 <SCORE> 2점을 받습니다.",,b,minorImprovements,https://boardgamegeek.com/geeksearch.php?action=search&objecttype=boardgameaccessory&q=agricola+Hook+Knife
B036,병,이 카드를 내려놓기 위해선 가족 구성원 1명당 <CLAY> 1개씩과 <FOOD> 1개씩을 내야 합니다.,,b,minorImprovements,https://boardgamegeek.com/geeksearch.php?action=search&objecttype=boardgameaccessory&q=agricola+Bottles
B037,우수 농가 인증,"이 카드를 놓을 때, 즉시 <FOOD> 1개를 가져옵니다.",,b,minorImprovements,https://boardgamegeek.com/geeksearch.php?action=search&objecttype=boardgameaccessory&q=agricola+Grange
B038,건설 예정지,"다른 농장 칸이 모두 사용될 때까지, 집에 인접한 사용되지 않은 빈칸을 사용할 수 없습니다 (방을 만들 때도 사용할 수 없습니다).",,b,minorImprovements,https://boardgamegeek.com/geeksearch.php?action=search&objecttype=boardgameaccessory&q=agricola+Future+Building+Site
B039,베틀,"수확 중 농장 단계에서, <SHEEP> 1/4/7마리를 가지고 있으면 <FOOD> 1/2/3개를 가져옵니다. 점수를 계산할 때, <SHEEP> 3마리당 추가 <SCORE> 1점씩을 받습니다.",,b,minorImprovements,https://boardgamegeek.com/geeksearch.php?action=search&objecttype=boardgameaccessory&q=agricola+Loom
B040,양조장 연못,"낚시 나  갈대 밭  누적 칸을 이용할 때마다, <GRAIN> 1개와 <나무> 1개를 추가로 가져옵니다.",,b,minorImprovements,https://boardgamegeek.com/geeksearch.php?action=search&objecttype=boardgameaccessory&q=agricola+Brewery+Pond
B041,독일식 산림 개간,다음 라운드 칸 4개에 <나무> 2개와 <PIG> 1마리를 번갈아 놓습니다 (무엇부터 놓을지 고를 수 있습니다). 해당 라운드가 시작될 때마다 이 물건을 가져옵니다.,,b,minorImprovements,https://boardgamegeek.com/geeksearch.php?action=search&objecttype=boardgameaccessory&q=agricola+Hauberg
B042,숲 속 여관,이 카드는 아무나 이용할 수 있는 행동 칸입니다. 이용하면 <나무> 5/7/9개를 내고 <나무> 8개와 <FOOD> 2/4/7개를 가져갑니다. 만약 다른 플레이어가 이용한다면 먼저 이 카드를 내려놓은 플레이어에게 <FOOD> 1개를 내야 합니다.,,b,minorImprovements,https://boardgamegeek.com/geeksearch.php?action=search&objecttype=boardgameaccessory&q=agricola+Forest+Inn
B043,고기 전문 음식점,"곡식/채소 종자  행동 칸을 이용할 때마다, 다음 라운드 칸 3/2개에 <FOOD> 1개씩을 놓습니다. 해당 라운드가 시작될 때마다 이 <FOOD>을 가져옵니다.",,b,minorImprovements,https://boardgamegeek.com/geeksearch.php?action=search&objecttype=boardgameaccessory&q=agricola+Chophouse
B044,병아리 외양간,"현재 라운드에 3, 4를 더한 라운드 칸에 각각 <FOOD> 2개씩을 놓습니다. 해당 라운드가 시작될 때마다 이 <FOOD>을 가져옵니다.",,b,minorImprovements,https://boardgamegeek.com/geeksearch.php?action=search&objecttype=boardgameaccessory&q=agricola+Chick+Stable
B045,딸기포,"다음 라운드 칸 3개에 <FOOD> 1개씩을 놓습니다. 해당 라운드가 시작될 때마다, 이 <FOOD>을 가져옵니다.",,b,minorImprovements,https://boardgamegeek.com/geeksearch.php?action=search&objecttype=boardgameaccessory&q=agricola+Strawberry+Patch
B046,클럽 하우스,"다음 라운드 칸 4개에 <FOOD> 1개씩을, 그 다음 라운드 칸에 <STONE> 1개를 놓습니다. 해당 라운드가 시작될 때마다 이 물건을 가져옵니다.",,b,minorImprovements,https://boardgamegeek.com/geeksearch.php?action=search&objecttype=boardgameaccessory&q=agricola+Club+House
B047,청어 냄비,"낚시  누적 칸을 이용할 때, 다음 라운드 칸 3개에 <FOOD> 1개씩을 놓습니다. 해당 라운드가 시작될 때마다 이 <FOOD>을 가져옵니다.",,b,minorImprovements,https://boardgamegeek.com/geeksearch.php?action=search&objecttype=boardgameaccessory&q=agricola+Herring+Pot
B048,숲속 바위,이 카드에 <FOOD> 2개를 놓습니다. 나무 누적 칸을 이용할 때마다 이 카드의 <FOOD> 1개를 가져옵니다. 돌 누적 칸을 이용할 때마다 이 카드에 <FOOD> 2개를 더 놓습니다.,,b,minorImprovements,https://boardgamegeek.com/geeksearch.php?action=search&objecttype=boardgameaccessory&q=agricola+Forest+Stone
B049,저울,"설비나 직업을 놓은 뒤, 설비와 직업의 수가 같다면 <FOOD> 2개를 가져옵니다.",,b,minorImprovements,https://boardgamegeek.com/geeksearch.php?action=search&objecttype=boardgameaccessory&q=agricola+Scales
B050,버터 제조기,"수확 중 농장 단계에서, <SHEEP> 3마리당 <FOOD> 1개씩, <CATTLE> 2마리당 <FOOD> 1개씩을 가져옵니다.",,b,minorImprovements,https://boardgamegeek.com/geeksearch.php?action=search&objecttype=boardgameaccessory&q=agricola+Butter+Churn
B051,땅 파는 삽,"흙 누적 칸을 이용할 때마다, <PIG> 수만큼 <FOOD>을 추가로 가져옵니다.",,b,minorImprovements,https://boardgamegeek.com/geeksearch.php?action=search&objecttype=boardgameaccessory&q=agricola+Digging+Spade
B052,성장하는 농장,"내 우리의 칸이 완료된 라운드 수 이상일 때에만 이 카드를 내려놓을 수 있습니다. 이 카드를 내려놓을 때, 현재 라운드 수만큼 <FOOD>을 가져옵니다.",,b,minorImprovements,https://boardgamegeek.com/geeksearch.php?action=search&objecttype=boardgameaccessory&q=agricola+Growing+Farm
B053,조각가 과정,"수확을 하지 않는 라운드를 마칠 때 1번씩, <나무> 1개를 내고 <FOOD> 2개를 가져오거나 <STONE> 1개를 내고 <FOOD> 4개를 가져올 수 있습니다.",,b,minorImprovements,https://boardgamegeek.com/geeksearch.php?action=search&objecttype=boardgameaccessory&q=agricola+Sculpture+Course
B054,두바퀴 수레,"이 카드를 놓을 때, 즉시 <FOOD> 2개를 가져옵니다. 조건 없는  씨 뿌리기  행동을 할 때, 자기 농장의 외양간 수만큼 <FOOD>을 가져옵니다.",,b,minorImprovements,https://boardgamegeek.com/geeksearch.php?action=search&objecttype=boardgameaccessory&q=agricola+Tumbrel
B055,유지 보험료,이 카드에 <FOOD> 3개를 놓습니다. 나무 누적 칸을 이용할 때마다 이 카드의 <FOOD> 1개를 가져옵니다. 집을 고칠 때마다 이 카드의 <FOOD>가 3개가 되도록 음식을 더 놓습니다.,,b,minorImprovements,https://boardgamegeek.com/geeksearch.php?action=search&objecttype=boardgameaccessory&q=agricola+Maintenance+Premium
B056,개울,"낚시  누적 칸 위에 있는 행동 칸 넷 중 하나를 이용할 때마다, <FOOD> 1개를 추가로 가져옵니다.",,b,minorImprovements,https://boardgamegeek.com/geeksearch.php?action=search&objecttype=boardgameaccessory&q=agricola+Brook
B057,부엌방,"매 라운드가 시작될 때, 나무집에 살고 있다면 <FOOD> 1개를 가져옵니다.",,b,minorImprovements,https://boardgamegeek.com/geeksearch.php?action=search&objecttype=boardgameaccessory&q=agricola+Scullery
B058,잡초 베는 칼,"이 카드를 놓을 때, 즉시 <FOOD> 1개를 가져옵니다. 수확 중 농장 단계에서 가져온 <VEGETABLE> 1개당 <FOOD> 1개씩을 가져옵니다.",,b,minorImprovements,https://boardgamegeek.com/geeksearch.php?action=search&objecttype=boardgameaccessory&q=agricola+Crack+Weeder
B059,음식 상자,이 카드를  주요 설비  행동 칸으로 내려놓았다면 즉시 <FOOD> 4개를 가져옵니다. 그렇지 않았다면 <FOOD> 2개만 가져옵니다.,,b,minorImprovements,https://boardgamegeek.com/geeksearch.php?action=search&objecttype=boardgameaccessory&q=agricola+Food+Chest
B060,양조용 물,"낚시  누적 칸을 이용할 때, <GRAIN> 1개를 내면 다음 라운드 칸 6개에 <FOOD> 1개씩을 놓을 수 있습니다. 해당 라운드가 시작될 때마다 이 <FOOD>을 가져옵니다.",,b,minorImprovements,https://boardgamegeek.com/geeksearch.php?action=search&objecttype=boardgameaccessory&q=agricola+Brewing+Water
B061,삼포식 농법,"수확 중 농장 단계가 시작될 때, <GRAIN> 밭 1개 이상, <VEGETABLE> 밭 1개 이상, 빈 밭 1개 이상을 가지고 있다면 <FOOD> 3개를 가져옵니다.",,b,minorImprovements,https://boardgamegeek.com/geeksearch.php?action=search&objecttype=boardgameaccessory&q=agricola+Three-Field+Rotation
B062,쇠스랑,"곡식 종자  행동 칸을 이용할 때,  농지  칸에 가족 구성원(누구의 가족이든 상관 없이)이 놓여있다면 <FOOD> 3개를 추가로 가져옵니다.",,b,minorImprovements,https://boardgamegeek.com/geeksearch.php?action=search&objecttype=boardgameaccessory&q=agricola+Pitchfork
B063,맛보기,"교습  행동 칸을 이용할 때,  직업 카드 비용을 내기 전에 <GRAIN> 1개를 내고 <FOOD> 4개를 가져올 수 있습니다.",,b,minorImprovements,https://boardgamegeek.com/geeksearch.php?action=search&objecttype=boardgameaccessory&q=agricola+Tasting
B064,물레방아 바퀴,"낚시  누적 칸이 차 있을 때  곡식 활용  행동 칸을 이용하면, <FOOD> 2개를 추가로 가져옵니다.",,b,minorImprovements,https://boardgamegeek.com/geeksearch.php?action=search&objecttype=boardgameaccessory&q=agricola+Mill+Wheel
B065,곡식창고,"이 카드의 비용으로 <나무>/<CLAY>/<STONE>을 냈다면, 다음 라운드 칸 2/3/4개에 <GRAIN> 1개씩을 놓습니다. 해당 라운드가 시작될 때마다 이 <GRAIN>을 가져옵니다.",,b,minorImprovements,https://boardgamegeek.com/geeksearch.php?action=search&objecttype=boardgameaccessory&q=agricola+Grain+Depot
B066,손수레,"5, 8, 11, 14라운드 칸에 <GRAIN> 1개씩을 놓습니다. 해당 라운드가 시작될 때마다 이 <GRAIN>을 가져옵니다.",,b,minorImprovements,https://boardgamegeek.com/geeksearch.php?action=search&objecttype=boardgameaccessory&q=agricola+Sack+Cart
B067,소형 운반차,"빵 굽기  행동을 하기 전에, 누적 칸에 있는 내 가족 구성원마다 <GRAIN> 1개씩을 가져옵니다.",,b,minorImprovements,https://boardgamegeek.com/geeksearch.php?action=search&objecttype=boardgameaccessory&q=agricola+Hand+Truck
B068,콩밭,이 카드는 채소만 심을 수 있는 밭으로 기능합니다.,,b,minorImprovements,https://boardgamegeek.com/geeksearch.php?action=search&objecttype=boardgameaccessory&q=agricola+Beanfield
B069,그릇 시장,"아무 때나, <CLAY> 3개와 <FOOD> 2개를 내고 다음 라운드 칸 2개에 <VEGETABLE> 1개씩을 놓을 수 있습니다. 해당 라운드가 시작될 때 이 <VEGETABLE>를 가져옵니다.",,b,minorImprovements,https://boardgamegeek.com/geeksearch.php?action=search&objecttype=boardgameaccessory&q=agricola+Potters+Market
B070,신규 구매,"수확을 하는 라운드를 시작하기 전, 다음 중 하나를 고를 수 있습니다: <FOOD> 2개 <ARROW> <GRAIN> 1개; <FOOD> 4개 <ARROW> <VEGETABLE> 1개",,b,minorImprovements,https://boardgamegeek.com/geeksearch.php?action=search&objecttype=boardgameaccessory&q=agricola+New+Purchase
B071,수확 창고,"이 카드를 놓을 때, 마친 수확 횟수와 내려놓은 직업의 수가 같으면 즉시 <FOOD> 1개, <GRAIN> 1개, <VEGETABLE> 1개를 가져옵니다.",,b,minorImprovements,https://boardgamegeek.com/geeksearch.php?action=search&objecttype=boardgameaccessory&q=agricola+Harvest+House
B072,#N/A,번역 결과 없음,,b,minorImprovements,https://boardgamegeek.com/geeksearch.php?action=search&objecttype=boardgameaccessory&q=agricola+Love+for+Agriculture
B073,선물 바구니,"이 카드를 내려놓을 때, 방이 2/3/4/5개 있다면, 즉시 <VEGETABLE>/<FOOD>/<GRAIN>/<VEGETABLE> 1개를 가져옵니다.",,b,minorImprovements,https://boardgamegeek.com/geeksearch.php?action=search&objecttype=boardgameaccessory&q=agricola+Gift+Basket
B074,울창한 숲,남은 모든 짝수 라운드 칸에 <나무> 1개씩을 놓습니다. 해당 라운드가 시작될 때마다 이 <나무>를 가져옵니다.,,b,minorImprovements,https://boardgamegeek.com/geeksearch.php?action=search&objecttype=boardgameaccessory&q=agricola+Thick+Forest
B075,나무 작업장,"설비를 내려놓거나 지을 때마다, 비용을 내기 전에 <나무> 1개를 가져옵니다.",,b,minorImprovements,https://boardgamegeek.com/geeksearch.php?action=search&objecttype=boardgameaccessory&q=agricola+Wood+Workshop
B076,천장,"다음 라운드 칸 5개에 <나무> 1개씩을 놓습니다. 해당 라운드가 시작될 때마다 이 <나무>를 가져옵니다. 집을 고치면, 이 카드로 라운드 칸에 놓은 <나무>를 모두 제거합니다.",,b,minorImprovements,https://boardgamegeek.com/geeksearch.php?action=search&objecttype=boardgameaccessory&q=agricola+Ceilings
B077,양토 채굴장,"날품팔이  행동 칸을 이용할 때, <CLAY> 3개를 추가로 가져옵니다.",,b,minorImprovements,https://boardgamegeek.com/geeksearch.php?action=search&objecttype=boardgameaccessory&q=agricola+Loam+Pit
B078,갈대 지대,"5, 8, 10, 12라운드 칸에 <REED> 1개씩을 놓습니다. 해당 라운드가 시작될 때마다 이 <REED>를 가져옵니다.",,b,minorImprovements,https://boardgamegeek.com/geeksearch.php?action=search&objecttype=boardgameaccessory&q=agricola+Reed+Belt
B079,석탄 운반용 바구니,"아무 플레이어(이 카드를 낸 플레이어 포함)가 누적 칸에서 <STONE>을 3개 이상 가져올 때마다, 공동 창고에서 <STONE> 1개를 가져옵니다.",,b,minorImprovements,https://boardgamegeek.com/geeksearch.php?action=search&objecttype=boardgameaccessory&q=agricola+Corf
B080,경질 자기,"아무 때나, <CLAY> 2/3/4개를 내고 <STONE> 1/2/3개를 가져올 수 있습니다.",,b,minorImprovements,https://boardgamegeek.com/geeksearch.php?action=search&objecttype=boardgameaccessory&q=agricola+Hard+Porcelain
B081,수레,"매 일하기 단계를 시작하기 전에, 같은 종류의 건축 자원이 6/5/4/4개 이상 있는 <나무>/<CLAY>/<REED>/<STONE> 누적 칸 중 하나에서 건축 자원 1개를 가져올 수 있습니다.",,b,minorImprovements,https://boardgamegeek.com/geeksearch.php?action=search&objecttype=boardgameaccessory&q=agricola+Handcart
B082,자산 평가,"수확 단계가 끝날 때 1번씩, 다음 중 하나를 고를 수 있습니다: <FOOD> 1개 <ARROW> <나무> 1개; <FOOD> 1개 <ARROW> <CLAY> 1개; <FOOD> 2개 <ARROW> <REED> 1개; <FOOD> 2개 <ARROW> <STONE> 1개",,b,minorImprovements,https://boardgamegeek.com/geeksearch.php?action=search&objecttype=boardgameaccessory&q=agricola+Value+Assets
B083,진흙 웅덩이,"이 카드 위에 <PIG>, <FOOD>, <CATTLE>, <FOOD>, <SHEEP>을 순서대로 쌓습니다. 아무 때나, 맨 위에 있는 물건을 <CLAY> 1개를 내고 가져올 수 있습니다.",,b,minorImprovements,https://boardgamegeek.com/geeksearch.php?action=search&objecttype=boardgameaccessory&q=agricola+Muddy+Puddles
B084,도토리 바구니,다음 라운드 칸 2개에 <PIG> 1마리씩을 놓습니다. 해당 라운드가 시작될 때마다 이 <PIG>를 가져옵니다.,,b,minorImprovements,https://boardgamegeek.com/geeksearch.php?action=search&objecttype=boardgameaccessory&q=agricola+Acorns+Basket
C085,은신처 건축가,"게임 중 한 번, 흙집이나 돌집에 살고 있을 때 <GRAIN> 1개와 <FOOD> 2개를 낼 수 있습니다. 그렇게 한다면, 남은 게임 동안 이 카드는 가족 구성원 1명을 위한 방을 제공합니다.",,c,occupations,https://boardgamegeek.com/geeksearch.php?action=search&objecttype=boardgameaccessory&q=agricola+Den+Builder
C086,가축 먹이는 사람,"이 카드를 놓을 때, 즉시 <GRAIN> 1개를 받습니다. 갖고 있는 <GRAIN> 수만큼 이 카드 위에 가축을 키울 수 있습니다.",,c,occupations,https://boardgamegeek.com/geeksearch.php?action=search&objecttype=boardgameaccessory&q=agricola+Livestock+Feeder
C087,석공,"이 카드 위에 돌집 방 1개를 놓습니다. 게임 중 1번, 방이 4개 이상 있는 돌집을 가지고 있을 때 아무 때나, 건축 자원을 내지 않고 이 카드 위의 방을 만들 수 있습니다.",,c,occupations,https://boardgamegeek.com/geeksearch.php?action=search&objecttype=boardgameaccessory&q=agricola+Mason
C088,목수 견습생,"나무집에 방을 만들 때, <WOOD> 2개를 적게 냅니다. 3/4번째 외양간을 지을 때, <WOOD> 1개씩을 적게 냅니다. 13~15번째 울타리를 칠 때, 비용을 내지 않습니다.",,c,occupations,https://boardgamegeek.com/geeksearch.php?action=search&objecttype=boardgameaccessory&q=agricola+Carpenter's+Apprentice
C089,외양간 짓기 명수,이 카드를 내려놓으면 즉시 <WOOD> 1개를 내고 외양간 1개를 지을 수 있습니다. 울타리 치지 않은 외양간 중 1개에 한 종류의 가축 3마리까지를 키울 수 있습니다.,,c,occupations,https://boardgamegeek.com/geeksearch.php?action=search&objecttype=boardgameaccessory&q=agricola+Stable+Master
C090,밭일 감독,"곡식 종자  행동 칸을 이용할 때, 밭 1개를 일굴 수 있습니다.",,c,occupations,https://boardgamegeek.com/geeksearch.php?action=search&objecttype=boardgameaccessory&q=agricola+Field+Watchman
C091,쟁기의 영웅,"라운드의 첫 가족 구성원으로   농지 나  밭 농사  행동 칸을 이용하면, <FOOD> 1개를 내고 밭 1개를 추가로 일굴 수 있습니다.",,c,occupations,https://boardgamegeek.com/geeksearch.php?action=search&objecttype=boardgameaccessory&q=agricola+Plow+Hero
C092,가을의 어머니,"수확을 하기 직전에, 집에 빈 방이 있다면 <FOOD> 3개를 내고  가족 늘리기  행동을 할 수 있습니다.",,c,occupations,https://boardgamegeek.com/geeksearch.php?action=search&objecttype=boardgameaccessory&q=agricola+Autumn+Mother
C093,안쪽 구역 관리자,"숲 이나  흙 채굴장  누적 칸 중 하나를 이용할 때, 공동 창고에서 <STONE> 1개를 가져와 나머지 칸에 놓을 수 있습니다. 이 경우 즉시 다른 가족 구성원을 놓을 수 있습니다.",,c,occupations,https://boardgamegeek.com/geeksearch.php?action=search&objecttype=boardgameaccessory&q=agricola+Inner+Districts+Director
C094,외양간 청소부,"아무 때나, 가족 말을 놓지 않고  외양간 짓기  행동을 할 수 있습니다. 이 경우 짓는 외양간당 <WOOD> 1개와 <FOOD> 1개를 내야 합니다.",,c,occupations,https://boardgamegeek.com/geeksearch.php?action=search&objecttype=boardgameaccessory&q=agricola+Stable+Cleaner
C095,바구니 엮는 사람,"이 카드를 놓을 때, 즉시 <STONE> 1개와 <REED> 1개를 내고  바구니 제작소  주요 설비를 내려놓을 수 있습니다.",,c,occupations,https://boardgamegeek.com/geeksearch.php?action=search&objecttype=boardgameaccessory&q=agricola+Basket+Weaver
C096,상인,"밭에서 수확하는 <GRAIN> 1개마다, <FOOD> 3개로 <VEGETABLE> 1개씩을 구매할 수 있습니다. 이때 밭에서 마지막으로 수확한 <GRAIN>에 대해서는 <VEGETABLE> 비용으로 <FOOD>을 2개씩만 내면 됩니다.",,c,occupations,https://boardgamegeek.com/geeksearch.php?action=search&objecttype=boardgameaccessory&q=agricola+Merchant
C097,종자 연구원,"집에 돌아오기 단계에  곡식 종자 와  채소 종자  행동 칸에서 (누구의 가족이든 상관없이) 돌아오는 가족 말이 둘 다 있다면, <FOOD> 2개를 가져온 뒤 비용을 내지 않고 직업 1개를 놓을 수 있습니다.",,c,occupations,https://boardgamegeek.com/geeksearch.php?action=search&objecttype=boardgameaccessory&q=agricola+Seed+Researcher
C098,주사위 제작자,"이 카드를 놓을 때, 즉시 <WOOD> 1개를 가져옵니다. 수확 중 농장 단계마다 1번씩, <WOOD> 1개와 <FOOD> 1개를 내고 추가 <SCORE> 1점을 받을 수 있습니다.",,c,occupations,https://boardgamegeek.com/geeksearch.php?action=search&objecttype=boardgameaccessory&q=agricola+Cube+Cutter
C099,정원 디자이너,"점수 계산을 시작할 때, 빈 밭에 <FOOD>을 심을 수 있습니다. 이렇게 <FOOD> 1/4/7개를 심은 밭마다 추가 <SCORE> 1/2/3점을 받습니다.",,c,occupations,https://boardgamegeek.com/geeksearch.php?action=search&objecttype=boardgameaccessory&q=agricola+Garden+Designer
C100,급사장,"11라운드 내에 이 카드를 내려놓았다면, 점수를 계산할 때 가족 구성원보다 집이 많으면 추가 <SCORE> 4점을 받습니다.",,c,occupations,https://boardgamegeek.com/geeksearch.php?action=search&objecttype=boardgameaccessory&q=agricola+Butler
C101,마구간 주인,"라운드당 1번, 울타리 치지 않은 외양간이 0/1/2/3/4개 있다면 <GRAIN> 2개를 내고 <FOOD> 1/2/3/4/5개와 추가 <SCORE> 1점을 받을 수 있습니다.",,c,occupations,https://boardgamegeek.com/geeksearch.php?action=search&objecttype=boardgameaccessory&q=agricola+Stall+Holder
C102,나무 경비원,"나무 누적 칸을 이용한 뒤, 해당 누적 칸에 <WOOD> 4개를 놓고 <STONE> 2개, <CLAY> 1개, <REED> 1개, <GRAIN> 1개를 가져올 수 있습니다.",,c,occupations,https://boardgamegeek.com/geeksearch.php?action=search&objecttype=boardgameaccessory&q=agricola+Tree+Guard
C103,청과물 상인,"매 라운드가 시작될 때마다, 다음 중 하나를 고를 수 있습니다: <CATTLE> 1마리 <ARROW> <VEGETABLE> 1개; <VEGETABLE> 1개 <ARROW> <CATTLE> 1마리; <SHEEP> 2마리 <ARROW> <VEGETABLE> 1개; <VEGETABLE> 1개 <ARROW> <SHEEP> 2마리; <FOOD> 2개 <ARROW> <GRAIN> 1개; <GRAIN> 1개 <ARROW> <FOOD> 2개",,c,occupations,https://boardgamegeek.com/geeksearch.php?action=search&objecttype=boardgameaccessory&q=agricola+Green+Grocer
C104,수집가,"이 카드는 이 카드를 놓은 사람만 이용할 수 있는 행동 칸입니다. 이 카드를 1/2/3/4번째로 이용했을 때, <BEGGING> 토큰 1개와 서로 다른 물건 6/7/8/9개를 가져옵니다.",,c,occupations,https://boardgamegeek.com/geeksearch.php?action=search&objecttype=boardgameaccessory&q=agricola+Collector
C105,바구니 나르는 사람,"수확 때마다 1번씩, <FOOD> 2개를 내고 <WOOD> 1개, <REED> 1개, <GRAIN> 1개를 가져올 수 있습니다.",,c,occupations,https://boardgamegeek.com/geeksearch.php?action=search&objecttype=boardgameaccessory&q=agricola+Basket+Carrier
C106,감자 수확자,이 카드를 내려놓으면 즉시 <FOOD> 3개를 가져옵니다. 수확 중 농장 단계에서 수확한 <VEGETABLE>마다 <FOOD> 1개씩을 추가로 가져옵니다.,,c,occupations,https://boardgamegeek.com/geeksearch.php?action=search&objecttype=boardgameaccessory&q=agricola+Potato+Harvester
C107,제빵사,"이 카드는 이 카드를 놓은 사람만 이용할 수 있는 행동 칸입니다. 이 행동 칸을 이용할 때, <GRAIN> 3개를 가져옵니다.  보조 설비  행동으로도  돌가마  주요 설비를 지을 수 있습니다.",,c,occupations,https://boardgamegeek.com/geeksearch.php?action=search&objecttype=boardgameaccessory&q=agricola+Baker
C108,부랑자,이 카드를 내려놓으면 다음 수확 단계를 건너뜁니다. (가족 먹여살리기도 건너뜁니다),,c,occupations,https://boardgamegeek.com/geeksearch.php?action=search&objecttype=boardgameaccessory&q=agricola+Layabout
C109,슈납스 양조자,"수확 중 가족 먹여살리기 단계에서 1번씩, <VEGETABLE> 1개를 내고 <FOOD> 5개를 가져올 수 있습니다. 점수를 계산할 때, 5/6번째 <VEGETABLE>마다 추가 <SCORE> 1점씩을 받습니다.",,c,occupations,https://boardgamegeek.com/geeksearch.php?action=search&objecttype=boardgameaccessory&q=agricola+Schnapps+Distiller
C110,자가 양조자,"수확 중 농장 단계가 끝난 뒤 1번씩, <GRAIN> 1개를 내고 <FOOD> 3개나 추가 <SCORE> 1점을 받을 수 있습니다.",,c,occupations,https://boardgamegeek.com/geeksearch.php?action=search&objecttype=boardgameaccessory&q=agricola+Home+Brewer
C111,소형 가축 사육사,"매 라운드가 시작되기 전, 갖고 있는 <FOOD> 수가 다음 라운드 수 이상이라면 (예: 8라운드 직전에는 <FOOD> 8개 이상), <FOOD> 1개를 가져옵니다.",,c,occupations,https://boardgamegeek.com/geeksearch.php?action=search&objecttype=boardgameaccessory&q=agricola+Small+Animal+Breeder
C112,타작꾼,"곡식 활용 ,  농지 ,  밭 농사  행동 칸을 이용하기 전에 <FOOD> 1개를 내고 <GRAIN> 1개를 살 수 있습니다.",,c,occupations,https://boardgamegeek.com/geeksearch.php?action=search&objecttype=boardgameaccessory&q=agricola+Thresher
C113,겨울 관리인,"이 카드를 내려놓으면 즉시 <GRAIN> 1개를 가져옵니다. 수확이 끝날 때, <FOOD> 2개를 내고 <VEGETABLE> 1개를 살 수 있습니다.",,c,occupations,https://boardgamegeek.com/geeksearch.php?action=search&objecttype=boardgameaccessory&q=agricola+Winter+Caretaker
C114,토양 과학자,"흙/돌 누적 칸을 이용한 뒤, 해당 누적 칸에 <STONE> 1개/<CLAY> 2개를 내고 <GRAIN> 2개/<VEGETABLE> 1개를 가져올 수 있습니다.",,c,occupations,https://boardgamegeek.com/geeksearch.php?action=search&objecttype=boardgameaccessory&q=agricola+Soil+Scientist
C115,씨 뿌리는 사람,"주요 설비를 지을 때마다, 공동 창고에서 <REED> 1개를 가져와서 이 카드 위에 놓습니다. 아무 때나, 이 카드 위에 있는 <REED>를 개인 창고로 가져오거나, 이 카드 위에 있는 갈대 1개를 내고  씨 뿌리기  행동을 할 수 있습니다.",,c,occupations,https://boardgamegeek.com/geeksearch.php?action=search&objecttype=boardgameaccessory&q=agricola+Sower
C116,가구 제작자,"이 카드를 내려놓으면 즉시 <WOOD> 1개를 가져옵니다. 다음부터 직업을 내려놓을 때, 직업 비용으로 낸 <FOOD>마다 <WOOD> 1개씩을 가져옵니다.",,c,occupations,https://boardgamegeek.com/geeksearch.php?action=search&objecttype=boardgameaccessory&q=agricola+Furniture+Maker
C117,#N/A,번역 결과 없음,,c,occupations,https://boardgamegeek.com/geeksearch.php?action=search&objecttype=boardgameaccessory&q=agricola+Legworker
C118,나무 모으는 사람,"농지 나  곡식 종자 ,  곡식 활용 ,  밭 농사  행동 칸을 이용하면, 그 차례가 끝날 때 <WOOD> 1개를 추가로 가져옵니다.",,c,occupations,https://boardgamegeek.com/geeksearch.php?action=search&objecttype=boardgameaccessory&q=agricola+Wood+Collector
C119,집 고치는 숙련공,"이 카드를 내려놓으면 즉시 <WOOD> 1개와 <CLAY> 1개를 가져옵니다. 집을 고칠 때, 그 라운드에 놓은 사람 수만큼 <WOOD>를 가져옵니다.",,c,occupations,https://boardgamegeek.com/geeksearch.php?action=search&objecttype=boardgameaccessory&q=agricola+Skillful+Renovator
C120,농경 노동자,"이 카드에 <CLAY> 8개를 놓습니다. <GRAIN>을 획득할 때마다, 그 수만큼 이 카드에서 <CLAY>을 가져옵니다.",,c,occupations,https://boardgamegeek.com/geeksearch.php?action=search&objecttype=boardgameaccessory&q=agricola+Agricultural+Labourer
C121,흙 빚는 사람,이 카드를 내려놓으면 즉시 <WOOD> 1개와 <CLAY> 2개를 가져옵니다.  곡식 종자 나  채소 종자  행동 칸을 사용한 뒤 <CLAY> 1개를 가져옵니다.,,c,occupations,https://boardgamegeek.com/geeksearch.php?action=search&objecttype=boardgameaccessory&q=agricola+Clay+Kneader
C122,벽돌공,"이 카드를 놓을 때, 즉시 <STONE> 2개를 가져옵니다. 다른 플레이어가 집을 돌집으로 고치거나 돌집 방을 만들 때마다 <STONE> 1개를 가져옵니다.",,c,occupations,https://boardgamegeek.com/geeksearch.php?action=search&objecttype=boardgameaccessory&q=agricola+Bricklayer
C123,숙련 석공 조합원,"일하기 단계가 시작될 때마다, 방이 정확히 2개인 <CLAY>/<STONE> 집에서 살고 있다면 <CLAY>/<STONE> 2개를 가져옵니다.",,c,occupations,https://boardgamegeek.com/geeksearch.php?action=search&objecttype=boardgameaccessory&q=agricola+Freemason
C124,석재 수입상,"1/2/3/4/5/6번째 수확의 번식 단계에서 한 번씩, 이 카드를 이용해 <FOOD> 2/2/3/3/4/1개를 내고 <STONE> 2개를 구매할 수 있습니다.",,c,occupations,https://boardgamegeek.com/geeksearch.php?action=search&objecttype=boardgameaccessory&q=agricola+Stone+Importer
C125,야간 근무자,"매 일하기 단계를 시작하기 전에, 개인 창고에 없는 종류의 건축 자원 누적 칸에 가족 말 1개를 놓을 수 있습니다. (그러고 나서 시작 플레이어부터 차례대로 진행합니다)",,c,occupations,https://boardgamegeek.com/geeksearch.php?action=search&objecttype=boardgameaccessory&q=agricola+Nightworker
C126,채굴자,"날품팔이  행동 칸을 이용한 뒤 <WOOD> 1개와 <CLAY> 1개를 추가로 가져오며, <FOOD> 1개를 내고 <STONE> 1개를 살 수 있습니다.",,c,occupations,https://boardgamegeek.com/geeksearch.php?action=search&objecttype=boardgameaccessory&q=agricola+Excavator
C127,연인,"가축 1마리만을 가져오는 누적 칸을 이용할 때, 가져올 가축을 그 행동 칸에 두고 같은 종류의 가축 1마리, <FOOD> 3개, <GRAIN> 1개를 가져올 수 있습니다.",,c,occupations,https://boardgamegeek.com/geeksearch.php?action=search&objecttype=boardgameaccessory&q=agricola+Lover
C128,나무집 늘리는 사람,"나무집에 방을 만들 때 <REED> 1개와, 5라운드까지는 <WOOD> 5개, 6~7라운드에서는 <WOOD> 4개, 8라운드부터는 <WOOD> 3개만 냅니다.",,c,occupations,https://boardgamegeek.com/geeksearch.php?action=search&objecttype=boardgameaccessory&q=agricola+Wooden+Hut+Extender
C129,두 번째 배우자,(12~13라운드부터) 다른 플레이어가  급한 가족 늘리기  행동 칸을 첫번째 가족 구성원으로 이용했어도 그 행동 칸을 이용할 수 있습니다.,,c,occupations,https://boardgamegeek.com/geeksearch.php?action=search&objecttype=boardgameaccessory&q=agricola+Second+Spouse
C130,변두리 관리자,"수풀 이나  점토 채굴장  누적 칸 중 하나를 이용할 때, 공동 창고에서 <REED> 2개를 가져와 나머지 칸에 놓을 수 있습니다. 이 경우 즉시 다른 가족 구성원을 놓을 수 있습니다.",,c,occupations,https://boardgamegeek.com/geeksearch.php?action=search&objecttype=boardgameaccessory&q=agricola+Outskirts+Director
C131,개인 교사,"곡식 종자  행동 칸을 이용할 때, 차 있는  교습  행동 칸이 있다면 <FOOD> 1개만 내고 직업 1개를 내려놓을 수 있습니다.",,c,occupations,https://boardgamegeek.com/geeksearch.php?action=search&objecttype=boardgameaccessory&q=agricola+Private+Teacher
C132,나무 지붕 제작자,"돌집으로 집을 고칠 때, 개인 창고에서 <WOOD>를 가져와 원하는 방마다 최대 1개씩 놓을 수 있습니다. 점수를 계산할 때, 이렇게 방에 놓여 있는 <WOOD>마다 추가 <SCORE> 1점을 받습니다.",,c,occupations,https://boardgamegeek.com/geeksearch.php?action=search&objecttype=boardgameaccessory&q=agricola+Timber+Shingle+Maker
C133,군인,"점수를 계산할 때, 남은 <STONE> 1개와 <WOOD> 1개 묶음마다 추가 <SCORE> 1점을 받습니다. 이 카드로 추가 점수를 받을 때 계산한 자원으로는 점수를 받을 수 없습니다.",,c,occupations,https://boardgamegeek.com/geeksearch.php?action=search&objecttype=boardgameaccessory&q=agricola+Soldier
C134,소의 왕자,"점수를 계산할 때, <CATTLE>가 있는 (방을 포함한) 농장판의 칸마다 추가 <SCORE> 1점을 받습니다.",,c,occupations,https://boardgamegeek.com/geeksearch.php?action=search&objecttype=boardgameaccessory&q=agricola+Cow+Prince
C135,치안관,이 카드를 내려놓을 때 1/3/6/9번의 라운드가 남았다면 <WOOD> 1/2/3/4개를 가져옵니다. 게임이 끝났을 때 감점이 하나도 없는 플레이어는 모두 추가 <SCORE> 3점씩을 받습니다.,,c,occupations,https://boardgamegeek.com/geeksearch.php?action=search&objecttype=boardgameaccessory&q=agricola+Constable
C136,목장 우두머리,"앞으로 3/6/9라운드가 남았다면 즉시 <WOOD> 2/3/4개를 가져옵니다. 점수를 계산할 때, 가장 가축 수용량이 큰 우리를 갖고 있는 플레이어 모두가 추가 <SCORE> 3점을 받습니다.",,c,occupations,https://boardgamegeek.com/geeksearch.php?action=search&objecttype=boardgameaccessory&q=agricola+Ranch+Provost
C137,숯 굽는 사람,"아무 플레이어(이 카드를 낸 플레이어 포함)가 <BAKE> 설비를 짓거나 내려놓을 때마다, <WOOD> 1개와 <FOOD> 1개를 가져옵니다.",,c,occupations,https://boardgamegeek.com/geeksearch.php?action=search&objecttype=boardgameaccessory&q=agricola+Charcoal+Burner
C138,가축 사육사,"날품팔이  행동 칸을 이용할 때마다, <SHEEP> 1마리나 <GRAIN> 1개를 가져오거나, <FOOD> 1개를 내고 <PIG> 1마리를 가져오거나, <FOOD> 2개를 내고 <CATTLE> 1마리를 가져올 수 있습니다.",,c,occupations,https://boardgamegeek.com/geeksearch.php?action=search&objecttype=boardgameaccessory&q=agricola+Animal+Feeder
C139,바구니 제작자의 아내,"이 카드를 놓을 때, 즉시 <REED> 1개와 <FOOD> 1개를 가져옵니다. 아무 때나, <REED> 1개를 내고 <FOOD> 2개를 가져올 수 있습니다.",,c,occupations,https://boardgamegeek.com/geeksearch.php?action=search&objecttype=boardgameaccessory&q=agricola+Basketmaker's+Wife
C140,포장 예술가,"이 카드를 놓을 때, 즉시 <GRAIN> 1개를 가져옵니다.  보조 설비  행동을 할 때마다, 대신  빵 굽기  행동을 할 수 있습니다.",,c,occupations,https://boardgamegeek.com/geeksearch.php?action=search&objecttype=boardgameaccessory&q=agricola+Packaging+Artist
C141,양 공급자,"아무 플레이어(이 카드를 낸 플레이어 포함)가  양 시장  누적 칸을 이용할 때마다, 공동 창고에서 <GRAIN> 1개를 가져옵니다.",,c,occupations,https://boardgamegeek.com/geeksearch.php?action=search&objecttype=boardgameaccessory&q=agricola+Sheep+Provider
C142,시장 호객꾼,"곡식 종자  행동 칸을 이용할 때, 추가로 <GRAIN> 1개와 <VEGETABLE> 1개를 가져올 수 있습니다. 이 경우 다른 플레이어들은 공동 창고에서 <GRAIN> 1개씩을 가져갑니다.",,c,occupations,https://boardgamegeek.com/geeksearch.php?action=search&objecttype=boardgameaccessory&q=agricola+Market+Crier
C143,돌 구매자,"이 카드를 놓을 때, 즉시 <FOOD> 1개를 내고 <STONE> 2개를 가져올 수 있습니다. 다음 라운드부터, 라운드당 1번 <FOOD> 2개를 내고 <STONE> 1개를 가져올 수 있습니다.",,c,occupations,https://boardgamegeek.com/geeksearch.php?action=search&objecttype=boardgameaccessory&q=agricola+Stone+Buyer
C144,갈대 지붕 고치는 사람,다른 플레이어가 집을 고치면 즉시 <REED> 1개를 가져옵니다. 3인 게임에서 이 카드를 내려놓으면 즉시 <REED> 1개를 가져옵니다.,,c,occupations,https://boardgamegeek.com/geeksearch.php?action=search&objecttype=boardgameaccessory&q=agricola+Reed+Roof+Renovator
C145,숲 평론가,"아무 플레이어(이 카드를 낸 플레이어 포함)가 빈  숲 이나  수풀  누적 칸을 사용했을 때, 나머지 칸이 차 있다면 <REED> 1개를 가져옵니다.",,c,occupations,https://boardgamegeek.com/geeksearch.php?action=search&objecttype=boardgameaccessory&q=agricola+Forest+Reviewer
C146,#N/A,번역 결과 없음,,c,occupations,https://boardgamegeek.com/geeksearch.php?action=search&objecttype=boardgameaccessory&q=agricola+Workshop+Assistant
C147,소치기,"소 시장  누적 칸을 이용할 때마다, <CATTLE> 1마리를 추가로 가져옵니다.",,c,occupations,https://boardgamegeek.com/geeksearch.php?action=search&objecttype=boardgameaccessory&q=agricola+Cowherd
C148,진흙탕에 빠진 사람,"누적 칸을 4번 이용할 때마다, <PIG> 1마리를 가져와 이 카드에 놓습니다. 이 카드로 가져온 멧돼지를 이 카드 위에서 키울 수 있습니다.",,c,occupations,https://boardgamegeek.com/geeksearch.php?action=search&objecttype=boardgameaccessory&q=agricola+Mud+Wallower
C149,자원 재활용업자,"흙집에 살고 있다면, 다른 플레이어가 집을 돌집으로 고칠 때마다 1번씩, <FOOD> 2개를 내고 흙집 방 1개를 만들 수 있습니다.",,c,occupations,https://boardgamegeek.com/geeksearch.php?action=search&objecttype=boardgameaccessory&q=agricola+Resource+Recycler
C150,앵무새 사육사,"내 차례에 <GRAIN> 1개를 내면, 오른쪽 플레이어가 마지막으로 이용했던 행동 칸을 이용할 수 있습니다. 이 카드를 놓기 전에 한 행동은 이용할 수 없으며, 이 카드로  회합 장소  행동 칸을 이용할 수는 없습니다.",,c,occupations,https://boardgamegeek.com/geeksearch.php?action=search&objecttype=boardgameaccessory&q=agricola+Parrot+Breeder
C151,파종 관리자,"다른 플레이어가  곡식 활용  행동 칸을 이용한 뒤,  씨 뿌리기  행동을 할 수 있습니다.",,c,occupations,https://boardgamegeek.com/geeksearch.php?action=search&objecttype=boardgameaccessory&q=agricola+Sowing+Director
C152,인형술사,"다른 플레이어가  유랑극단  누적 칸을 이용할 때마다 1번씩, 비용 대신 그 플레이어에게 <FOOD> 1개를 내고 직업 1개를 내려놓을 수 있습니다.",,c,occupations,https://boardgamegeek.com/geeksearch.php?action=search&objecttype=boardgameaccessory&q=agricola+Puppeteer
C153,모형 제작자,"다른 플레이어가 집을 고칠 때마다 1번씩, <WOOD> 2개를 내고 <GRAIN> 1개, <FOOD> 1개, 추가 <SCORE> 1점을 받을 수 있습니다.",,c,occupations,https://boardgamegeek.com/geeksearch.php?action=search&objecttype=boardgameaccessory&q=agricola+Pattern+Maker
C154,쌍둥이 조사원,"같은 종류의 물건이 정확히 같은 개수가 놓여있는 두 개의 누적 칸 중 하나를 이용할 때마다 한 번씩, <FOOD> 1개를 내고 추가 <SCORE> 1점을 구매할 수 있습니다.",,c,occupations,https://boardgamegeek.com/geeksearch.php?action=search&objecttype=boardgameaccessory&q=agricola+Twin+Researcher
C155,배식하는 사람,"이 카드를 놓을 때, 즉시 <GRAIN> 1개를 가져옵니다. 이번 라운드의 집에 돌아오기 단계를 시작할 때 1~14라운드 행동 칸 중 차 있는 칸의 수만큼 <FOOD>을 가져옵니다.",,c,occupations,https://boardgamegeek.com/geeksearch.php?action=search&objecttype=boardgameaccessory&q=agricola+Food+Distributor
C156,발굽 돌보미,"즉시 공동 창고에서 <CATTLE> 1마리를 가져와  소 시장  누적 칸에 놓은 뒤,  소 시장 에 있는 소마다 <GRAIN> 1개와 <FOOD> 1개를 가져옵니다.",,c,occupations,https://boardgamegeek.com/geeksearch.php?action=search&objecttype=boardgameaccessory&q=agricola+Hoof+Caregiver
C157,자원 분석가,"매 라운드를 시작하기 전에, 다른 플레이어들보다 더 많이 갖고 있는 건축 자원이 2종류 이상이라면, <FOOD> 1개를 가져옵니다.",,c,occupations,https://boardgamegeek.com/geeksearch.php?action=search&objecttype=boardgameaccessory&q=agricola+Resource+Analyzer
C158,숲 운동가,"가족 말을 놓기 직전에, 누적 칸의 <WOOD>가 모두 합쳐서 8개 이상이 있다면 <FOOD> 1개를 가져옵니다.",,c,occupations,https://boardgamegeek.com/geeksearch.php?action=search&objecttype=boardgameaccessory&q=agricola+Forest+Campaigner
C159,어부의 친구,"매 라운드가 시작될 때,  낚시  누적 칸보다  유랑극단  누적 칸에 더 많은 음식이 있다면 그 차이만큼 공동 창고에서 <FOOD>을 가져옵니다.",,c,occupations,https://boardgamegeek.com/geeksearch.php?action=search&objecttype=boardgameaccessory&q=agricola+Fisherman's+Friend
C160,길잡이,"(이번 라운드 행동 칸에 놓여) 가장 최근에 공개된 행동 칸을 이용할 때마다, 행동하기 전에 <GRAIN> 1개를 가져옵니다.",,c,occupations,https://boardgamegeek.com/geeksearch.php?action=search&objecttype=boardgameaccessory&q=agricola+Outrider
C161,감자 캐는 사람,"이 카드를 놓을 때, 작물을 심지 않은 밭 타일이 2/4/5개 이상 있으면 즉시 <VEGETABLE> 1/2/3개를 가져옵니다.",,c,occupations,https://boardgamegeek.com/geeksearch.php?action=search&objecttype=boardgameaccessory&q=agricola+Potato+Digger
C162,삼림 소유자,"이 카드는 아무나 이용할 수 있는 행동 칸입니다. 만약 다른 플레이어가 이용한다면 그 플레이어는 <WOOD> 3개를 가져간 뒤, 공동 창고에서 <WOOD> 1개를 가져와 이 카드를 내려놓은 플레이어에게 넘겨줍니다. 이 카드를 내려놓은 플레이어가 이용하면 <WOOD> 4개를 가져갑니다.",,c,occupations,https://boardgamegeek.com/geeksearch.php?action=search&objecttype=boardgameaccessory&q=agricola+Forest+Owner
C163,자재 배달원,"아무 플레이어(이 카드를 낸 플레이어 포함)가 누적 칸에서 물건을 5/6/7/8개 이상 가져올 때마다, 공동 창고에서 <WOOD>/<CLAY>/<REED>/<STONE> 1개를 가져옵니다.",,c,occupations,https://boardgamegeek.com/geeksearch.php?action=search&objecttype=boardgameaccessory&q=agricola+Material+Deliveryman
C164,산양 지킴이,"아무 플레이어(이 카드를 낸 플레이어 포함)가  돼지 시장  누적 칸을 이용할 때마다, 공동 창고에서 <SHEEP> 1마리를 가져옵니다.",,c,occupations,https://boardgamegeek.com/geeksearch.php?action=search&objecttype=boardgameaccessory&q=agricola+German+Heath+Keeper
C165,동물 사냥꾼,"이 카드를 내려놓을 때, 남은 수확마다 <FOOD> 1개씩을 내고 즉시 <CATTLE> 1마리와 <PIG> 1마리를 가져옵니다.",,c,occupations,https://boardgamegeek.com/geeksearch.php?action=search&objecttype=boardgameaccessory&q=agricola+Game+Catcher
C166,소의 친구,현재 라운드에 5를 더한 라운드 칸과 8을 더한 라운드 칸에 <CATTLE> 1마리씩을 놓습니다. 해당 라운드가 시작될 때마다 이 <CATTLE>를 가져옵니다.,,c,occupations,https://boardgamegeek.com/geeksearch.php?action=search&objecttype=boardgameaccessory&q=agricola+Cattle+Whisperer
C167,소 구매인,"다른 플레이어가  울타리  행동 칸을 이용할 때마다 1번씩, <FOOD> 1/2/2개를 내고 <SHEEP>/<PIG>/<CATTLE> 1마리를 살 수 있습니다.",,c,occupations,https://boardgamegeek.com/geeksearch.php?action=search&objecttype=boardgameaccessory&q=agricola+Cattle+Buyer
C168,가축 잡는 사람,"날품팔이  행동 칸을 이용할 때마다, <FOOD> 2개 대신 공동 창고에서 서로 다른 가축 3마리를 가져올 수 있습니다. 이 경우 남은 수확 횟수만큼 <FOOD>을 내야 합니다.",,c,occupations,https://boardgamegeek.com/geeksearch.php?action=search&objecttype=boardgameaccessory&q=agricola+Animal+Catcher
C169,#N/A,번역 결과 없음,,c,occupations,https://boardgamegeek.com/geeksearch.php?action=search&objecttype=boardgameaccessory&q=agricola+Fast+Mason
C170,#N/A,번역 결과 없음,,c,occupations,https://boardgamegeek.com/geeksearch.php?action=search&objecttype=boardgameaccessory&q=agricola+Amateur+Fencer
C171,#N/A,번역 결과 없음,,c,occupations,https://boardgamegeek.com/geeksearch.php?action=search&objecttype=boardgameaccessory&q=agricola+Young+Artist
C172,#N/A,번역 결과 없음,,c,occupations,https://boardgamegeek.com/geeksearch.php?action=search&objecttype=boardgameaccessory&q=agricola+Field+Counter
C173,#N/A,번역 결과 없음,,c,occupations,https://boardgamegeek.com/geeksearch.php?action=search&objecttype=boardgameaccessory&q=agricola+Top-Outer
C174,돌 관리인,"일하기 단계가 끝날 때마다, 돌이 있는 돌 누적 칸 수만큼 <FOOD>을 가져옵니다.",,c,occupations,https://boardgamegeek.com/geeksearch.php?action=search&objecttype=boardgameaccessory&q=agricola+Stone+Custodian
C175,#N/A,번역 결과 없음,,c,occupations,https://boardgamegeek.com/geeksearch.php?action=search&objecttype=boardgameaccessory&q=agricola+Village+Teacher
C176,#N/A,번역 결과 없음,,c,occupations,https://boardgamegeek.com/geeksearch.php?action=search&objecttype=boardgameaccessory&q=agricola+Cleanacre
C177,#N/A,번역 결과 없음,,c,occupations,https://boardgamegeek.com/geeksearch.php?action=search&objecttype=boardgameaccessory&q=agricola+Mountain+Hiker
C178,#N/A,번역 결과 없음,,c,occupations,https://boardgamegeek.com/geeksearch.php?action=search&objecttype=boardgameaccessory&q=agricola+On-Site+Reverend
C179,#N/A,번역 결과 없음,,c,occupations,https://boardgamegeek.com/geeksearch.php?action=search&objecttype=boardgameaccessory&q=agricola+Bovine+Pioneer
C180,#N/A,번역 결과 없음,,c,occupations,https://boardgamegeek.com/geeksearch.php?action=search&objecttype=boardgameaccessory&q=agricola+Trapper
C001,울타리 점검,즉시 내 모든 울타리를 철거한 뒤 개인 창고의 울타리를 3개까지 더해서 울타리를 다시 칠 수 있습니다. (이 과정에서 가축을 잃지는 않습니다),,c,minorImprovements,https://boardgamegeek.com/geeksearch.php?action=search&objecttype=boardgameaccessory&q=agricola+Overhaul
C002,외양간,"현재 라운드에 3, 6, 9를 더한 라운드 칸에 외양간 1개씩을 놓을 수 있습니다. 각 칸마다 놓을지 말지 따로 결정합니다. 해당 라운드가 시작될 때마다, 이 외양간을 비용을 내지 않고 지을 수 있습니다. 해당 라운드가 되기 전에는 사용할 수 없습니다.",,c,minorImprovements,https://boardgamegeek.com/geeksearch.php?action=search&objecttype=boardgameaccessory&q=agricola+Stable
C003,마차 여행,이 카드를 일하기 단계에 내려놓았다면 즉시 다른 사람을 놓을 수 있습니다.,,c,minorImprovements,https://boardgamegeek.com/geeksearch.php?action=search&objecttype=boardgameaccessory&q=agricola+Carriage+Trip
C004,필기판,내 앞에 놓인 직업 1개당 <나무> 1개씩을 즉시 가져옵니다.,,c,minorImprovements,https://boardgamegeek.com/geeksearch.php?action=search&objecttype=boardgameaccessory&q=agricola+Writing+Boards
C005,재건축,즉시 흙집 방과 주요설비 수만큼 <CLAY>을 가져옵니다.,,c,minorImprovements,https://boardgamegeek.com/geeksearch.php?action=search&objecttype=boardgameaccessory&q=agricola+Remodeling
C006,돌이 솟은 공터,즉시 모든 빈밭에 <STONE> 1개씩을 놓습니다. 이렇게 돌이 심겨진 밭에는 작물이 있는 것으로 취급합니다. 다음 농장 단계에서 이 카드로 놓은 돌을 수확합니다.,,c,minorImprovements,https://boardgamegeek.com/geeksearch.php?action=search&objecttype=boardgameaccessory&q=agricola+Stone+Clearing
C007,양털 가위,"즉시 <FOOD> 3개를 가져오거나, 갖고 있는 양 1마리당 <FOOD> 1개씩을 가져옵니다 (양은 내지 않습니다).",,c,minorImprovements,https://boardgamegeek.com/geeksearch.php?action=search&objecttype=boardgameaccessory&q=agricola+Blade+Shears
C008,식물 비료,물건이 정확히 1개 있는 밭마다 같은 물건을 1개씩 더 놓습니다.,,c,minorImprovements,https://boardgamegeek.com/geeksearch.php?action=search&objecttype=boardgameaccessory&q=agricola+Plant+Fertilizer
C009,자동 급수기,"가축을 놓을 수 있는 칸이 있다면, 즉시 <FOOD> 0/1/2개를 내고 <SHEEP>/<PIG>/<CATTLE> 1마리를 가져올 수 있습니다.",,c,minorImprovements,https://boardgamegeek.com/geeksearch.php?action=search&objecttype=boardgameaccessory&q=agricola+Automatic+Water+Trough
C010,이층 침대,"게임 중 한 번이라도 집에 방이 4개가 된다면, 앞으로 집에서 가족 구성원 5명이 거주할 수 있습니다.",,c,minorImprovements,https://boardgamegeek.com/geeksearch.php?action=search&objecttype=boardgameaccessory&q=agricola+Bunk+Beds
C011,방목장,"이 카드 위에 <SHEEP> 1마리, <PIG> 1마리, <CATTLE> 1마리를 키울 수 있습니다.",,c,minorImprovements,https://boardgamegeek.com/geeksearch.php?action=search&objecttype=boardgameaccessory&q=agricola+Wildlife+Reserve
C012,소 농장,내 농장의 우리 수만큼 이 카드에 <CATTLE>를 키울 수 있습니다.,,c,minorImprovements,https://boardgamegeek.com/geeksearch.php?action=search&objecttype=boardgameaccessory&q=agricola+Cattle+Farm
C013,나무 망치,"집을 처음 고칠 때, 나무집 방이 5개 이상이라면 <STONE> 2개를 적게 내고 집을 바로 돌집으로 고칠 수 있습니다.",,c,minorImprovements,https://boardgamegeek.com/geeksearch.php?action=search&objecttype=boardgameaccessory&q=agricola+Wood+Slide+Hammer
C014,짚지붕,집을 고칠 때나 방을 만들 때 <REED>를 내지 않습니다.,,c,minorImprovements,https://boardgamegeek.com/geeksearch.php?action=search&objecttype=boardgameaccessory&q=agricola+Straw-Thatched+Roof
C015,격자 울타리,이 카드를 내려놓으면 즉시 지금까지 지은 울타리 개수를 셉니다. 그 개수만큼의 다음 라운드 칸에 <FOOD> 1개씩을 놓습니다. 해당 라운드가 시작될 때마다 이 <FOOD>을 가져옵니다.,,c,minorImprovements,https://boardgamegeek.com/geeksearch.php?action=search&objecttype=boardgameaccessory&q=agricola+Trellis
C016,밭 울타리,즉시  울타리 치기  행동을 이용할 수 있습니다. 이 행동으로 울타리를 칠 때 밭 타일 옆에 치는 울타리에는 <나무>를 내지 않습니다.,,c,minorImprovements,https://boardgamegeek.com/geeksearch.php?action=search&objecttype=boardgameaccessory&q=agricola+Field+Fences
C017,새로 일군 밭,이 카드를 내려놓으면 밭 하나를 즉시 일굴 수 있습니다. 일굴 밭은 다른 밭과 인접하지 않아도 됩니다.,,c,minorImprovements,https://boardgamegeek.com/geeksearch.php?action=search&objecttype=boardgameaccessory&q=agricola+Newly-Plowed+Field
C018,회전 쟁기,"작물을 심은 밭을 3개 이상 갖고 있다면, 언제든지 그 밭 중 하나에 있는 모든 물건을 버리고 밭 1개를 일굴 수 있습니다.",,c,minorImprovements,https://boardgamegeek.com/geeksearch.php?action=search&objecttype=boardgameaccessory&q=agricola+Roll-Over+Plow
C019,외바퀴 쟁기,"이 카드 위에 밭 타일 4개를 놓습니다.  농지  행동 칸을 이용할 때, 이 카드의 밭 2개를 일굴 수 있습니다.",,c,minorImprovements,https://boardgamegeek.com/geeksearch.php?action=search&objecttype=boardgameaccessory&q=agricola+Swing+Plow
C020,두더지 쟁기,"농지 나  밭 농사  행동 칸을 이용할 때마다, 밭 1개를 추가로 일굴 수 있습니다.",,c,minorImprovements,https://boardgamegeek.com/geeksearch.php?action=search&objecttype=boardgameaccessory&q=agricola+Mole+Plow
C021,사랑의 바위,"채석장  누적 칸이 공개될 때마다, 집에 남는 방이 있다면 가족 말을 놓지 않고 즉시  가족 늘리기  행동을 할 수 있습니다.",,c,minorImprovements,https://boardgamegeek.com/geeksearch.php?action=search&objecttype=boardgameaccessory&q=agricola+Heart+of+Stone
C022,버들가지 의자,"이 카드를 놓을 때, 이번 일하기 단계에서 놓은 1번째 가족 말이  회합 장소  행동 칸 이외에 있다면, 그 가족 말을 이 카드로 옮기고 즉시 다른 가족 말을 놓을 수 있습니다.",,c,minorImprovements,https://boardgamegeek.com/geeksearch.php?action=search&objecttype=boardgameaccessory&q=agricola+Basket+Chair
C023,직업 계약,"날품팔이  행동 칸 및 인접한  교습  행동 칸이 둘 다 비어 있는 동안, 두 행동 칸 사이에 가족 말을 놓아 두 행동 칸을 모두 이용할 수 있습니다 ( 날품팔이  행동 칸을 먼저 이용합니다). 그런 뒤, 두 행동 칸은 모두 가족 말이 놓여있는 것으로 간주합니다.",,c,minorImprovements,https://boardgamegeek.com/geeksearch.php?action=search&objecttype=boardgameaccessory&q=agricola+Job+Contract
C024,곡식밭 안 침대,"다음 수확이 시작될 때, 신생아를 들일 수 있는 방이 있다면  가족 늘리기  행동을 얻습니다.",,c,minorImprovements,https://boardgamegeek.com/geeksearch.php?action=search&objecttype=boardgameaccessory&q=agricola+Bed+in+the+Grain+Field
C025,증기 기계,일하기 단계에서 마지막으로 이용한 행동 칸이 누적 칸이었다면 그 뒤 즉시  빵 굽기  행동을 할 수 있습니다.,,c,minorImprovements,https://boardgamegeek.com/geeksearch.php?action=search&objecttype=boardgameaccessory&q=agricola+Steam+Machine
C026,도리깨,"이 카드를 내려놓으면 즉시 <FOOD> 2개를 가져옵니다.  농지 나  밭 농사  행동 칸을 이용할 때,  빵 굽기  행동을 추가로 할 수 있습니다.",,c,minorImprovements,https://boardgamegeek.com/geeksearch.php?action=search&objecttype=boardgameaccessory&q=agricola+Flail
C027,청사진,"보조 설비  행동으로도  가구 제작소 ,  그릇 제작소 ,  바구니 제작소  주요 설비를 지을 수 있습니다. 해당 설비를 지을 때 <STONE> 1개씩을 적게 냅니다.",,c,minorImprovements,https://boardgamegeek.com/geeksearch.php?action=search&objecttype=boardgameaccessory&q=agricola+Blueprint
C028,교사의 책상,"주요 설비 나  집 개조  행동 칸을 이용할 때마다, <FOOD> 1개만 내고 직업 1개를 내려놓을 수 있습니다.",,c,minorImprovements,https://boardgamegeek.com/geeksearch.php?action=search&objecttype=boardgameaccessory&q=agricola+Teacher's+Desk
C029,맥주 테이블,"매 수확 중 농장 단계가 끝날 때마다, <GRAIN> 1개를 내고 추가 <SCORE> 2점을 받을 수 있습니다. 그렇게 한다면 다른 플레이어들은 <FOOD> 1개씩을 가져갑니다.",,c,minorImprovements,https://boardgamegeek.com/geeksearch.php?action=search&objecttype=boardgameaccessory&q=agricola+Beer+Table
C030,나무골조 집,"점수를 계산할 때, 돌집 방 수만큼 추가 <SCORE>를 받습니다. 카드 1장에서만 돌집으로 추가점수를 받을 수 있습니다.",,c,minorImprovements,https://boardgamegeek.com/geeksearch.php?action=search&objecttype=boardgameaccessory&q=agricola+Half-Timbered+House
C031,집필실,"점수를 계산할 때, 감점만큼의 추가 <SCORE>를 받습니다. 이 추가 <SCORE>는 최대 7점까지 받을 수 있습니다.",,c,minorImprovements,https://boardgamegeek.com/geeksearch.php?action=search&objecttype=boardgameaccessory&q=agricola+Writing+Chamber
C032,폐쇄형 발코니 창,(이 카드를 낸 플레이어를 포함해) 자기 앞의 카드가 5장 이상인 플레이어가 있다면 이 카드를 내려놓을 수 없습니다.,,c,minorImprovements,https://boardgamegeek.com/geeksearch.php?action=search&objecttype=boardgameaccessory&q=agricola+Abort+Oriel
C033,녹지 계획,"점수를 계산할 때, 빈 밭이 2/4/5/6개 이상이라면 추가 <SCORE> 1/2/3/5점을 받습니다.",,c,minorImprovements,https://boardgamegeek.com/geeksearch.php?action=search&objecttype=boardgameaccessory&q=agricola+Greening+Plan
C034,코끼리풀 공장,"수확 단계가 끝날 때 1번씩, <REED> 1개를 내고 추가 <SCORE> 1점을 받을 수 있습니다.",,c,minorImprovements,https://boardgamegeek.com/geeksearch.php?action=search&objecttype=boardgameaccessory&q=agricola+Elephantgrass+Plant
C035,집 모양 등불,"점수를 계산할 때, 손에 남아있는 카드마다 <SCORE> -1점을 받습니다. 손에서 카드를 내려놓지 않고 버릴 수 없습니다. 이미 손에서 카드를 내려놓지 않고 버렸다면 이 카드를 내려놓을 수 없습니다.",,c,minorImprovements,https://boardgamegeek.com/geeksearch.php?action=search&objecttype=boardgameaccessory&q=agricola+Lantern+House
C036,흙 비축,"흙 누적 칸을 이용한 후에 즉시, <CLAY> 1개를 추가 <SCORE> 1점으로 바꿀 수 있습니다. 그렇게 한다면, 바꾼 <CLAY> 1개는 이용한 누적 칸에 놓습니다.",,c,minorImprovements,https://boardgamegeek.com/geeksearch.php?action=search&objecttype=boardgameaccessory&q=agricola+Clay+Deposit
C037,주거용 둔덕,"이제부터 농장판에 밭 타일을 놓을 때, 놓는 밭 타일마다 <FOOD> 1개를 내야 합니다.",,c,minorImprovements,https://boardgamegeek.com/geeksearch.php?action=search&objecttype=boardgameaccessory&q=agricola+Dwelling+Mound
C038,기독교,이 카드를 내려놓으면 다른 모든 플레이어들은 <FOOD> 1개를 가져갑니다.,,c,minorImprovements,https://boardgamegeek.com/geeksearch.php?action=search&objecttype=boardgameaccessory&q=agricola+Christianity
C039,선상 화실,"유랑극단  누적 칸을 이용할 때마다, 추가 <SCORE> 1점을 받습니다. 플레이어 수가 1~3명인 게임에서는 이 카드를  유랑극단  누적 칸으로 간주합니다 ( 낚시  누적 칸처럼 준비 단계에 음식을 1개씩 올려놓습니다).",,c,minorImprovements,https://boardgamegeek.com/geeksearch.php?action=search&objecttype=boardgameaccessory&q=agricola+Studio+Boat
C040,캔버스 자루,"이 카드를 놓을 때, 비용으로 <GRAIN>/<REED>를 냈다면, 즉시 <VEGETABLE> 1개/<나무> 4개를 가져옵니다.",,c,minorImprovements,https://boardgamegeek.com/geeksearch.php?action=search&objecttype=boardgameaccessory&q=agricola+Canvas+Sack
C041,농장 상점,"수확 중 가족 먹여살리기 단계가 끝난 뒤 1번씩, <FOOD> 1개를 내고 서로 다른 건축 자원 2개나 <VEGETABLE> 1개를 가져올 수 있습니다.",,c,minorImprovements,https://boardgamegeek.com/geeksearch.php?action=search&objecttype=boardgameaccessory&q=agricola+Farm+Store
C042,끝없는 굶주림,"채소 종자  행동 칸을 이용한 뒤, 다른 누적 칸에 사람을 놓으면서 그 칸의 물건을 1개 추가로 가져올 수 있습니다.",,c,minorImprovements,https://boardgamegeek.com/geeksearch.php?action=search&objecttype=boardgameaccessory&q=agricola+Ravenous+Hunger
C043,농장 건물,"주요 설비를 지을 때마다, 다음 라운드 칸 3개에 <FOOD> 1개씩을 놓습니다. 해당 라운드가 시작될 때마다 이 <FOOD>을 가져옵니다.",,c,minorImprovements,https://boardgamegeek.com/geeksearch.php?action=search&objecttype=boardgameaccessory&q=agricola+Farm+Building
C044,닭장,다음 라운드 칸 8개에 <FOOD> 1개씩을 놓습니다. 해당 라운드가 시작될 때마다 이 <FOOD>을 가져옵니다.,,c,minorImprovements,https://boardgamegeek.com/geeksearch.php?action=search&objecttype=boardgameaccessory&q=agricola+Chicken+Coop
C045,스튜,"음식 누적 칸에서 정확히 <FOOD> 2/3/4/5개를 가져올 때마다, <STONE>/<REED>/<CLAY>/<나무> 1개를 추가로 가져옵니다. <FOOD>을 6개 이상 가져오면 아무것도 추가로 가져올 수 없습니다.",,c,minorImprovements,https://boardgamegeek.com/geeksearch.php?action=search&objecttype=boardgameaccessory&q=agricola+Stew
C046,채칼,"라운드당 1번, <VEGETABLE> 1개를 내고 추가 <SCORE> 1점을 받을 수 있습니다. 이 경우 다음 라운드 칸 2개에 <FOOD> 1개씩을 놓습니다. 해당 라운드가 시작될 때마다 이 <FOOD>을 가져옵니다.",,c,minorImprovements,https://boardgamegeek.com/geeksearch.php?action=search&objecttype=boardgameaccessory&q=agricola+Mandoline
C047,정원 갈퀴,작물을 심은 밭의 수 x 3개까지의 남은 라운드 칸에 <FOOD> 1개씩을 놓습니다. 해당 라운드가 시작될 때마다 이 <FOOD>을 가져옵니다.,,c,minorImprovements,https://boardgamegeek.com/geeksearch.php?action=search&objecttype=boardgameaccessory&q=agricola+Garden+Claw
C048,#N/A,번역 결과 없음,,c,minorImprovements,https://boardgamegeek.com/geeksearch.php?action=search&objecttype=boardgameaccessory&q=agricola+Farmstead
C049,맥주 가판대,"수확 중 가족 먹여살리기 단계에서, 울타리가 없고 가축을 키우지 않는 내 외양간의 수만큼 <GRAIN> 1개를 <FOOD> 5개로 바꿀 수 있습니다.",,c,minorImprovements,https://boardgamegeek.com/geeksearch.php?action=search&objecttype=boardgameaccessory&q=agricola+Beer+Stall
C050,외양간 뜰,"이 카드를 놓을 때, 앞으로 남은 라운드 수만큼 즉시 <FOOD>을 가져옵니다. 아무 때나, <SHEEP> 1마리와 <PIG> 1마리를 내고 <CATTLE> 1마리를 가져올 수 있습니다.",,c,minorImprovements,https://boardgamegeek.com/geeksearch.php?action=search&objecttype=boardgameaccessory&q=agricola+Stable+Yard
C051,어망,다른 플레이어가  낚시  누적 칸을 이용하려면 이 카드를 내려놓은 플레이어에게 <FOOD> 1개를 내야 합니다. 이 효과를 받은 라운드의 집에 돌아오기 단계에서  낚시  누적 칸에 <FOOD> 2개를 놓습니다.,,c,minorImprovements,https://boardgamegeek.com/geeksearch.php?action=search&objecttype=boardgameaccessory&q=agricola+Fishing+Net
C052,사냥꾼의 모자,행동 칸의 효과로 가져온 새로운 <PIG> 1마리마다 <FOOD> 1개를 가져옵니다.,,c,minorImprovements,https://boardgamegeek.com/geeksearch.php?action=search&objecttype=boardgameaccessory&q=agricola+Huntsman's+Hat
C053,세발항아리,"화로 계열 설비를 이용하여 동시에 <FOOD>으로 바꾼 물건 2개마다, 추가로 <FOOD> 1개를 가져옵니다.",,c,minorImprovements,https://boardgamegeek.com/geeksearch.php?action=search&objecttype=boardgameaccessory&q=agricola+Gypsy's+Crock
C054,노점,"매 수확의 농장 단계가 끝난 후에, 개인 창고에 있는 <FENCE> 1개와 <GRAIN> 1개를 <FOOD> 5개로 바꿀 수 있습니다.",,c,minorImprovements,https://boardgamegeek.com/geeksearch.php?action=search&objecttype=boardgameaccessory&q=agricola+Market+Stall
C055,화실,"유랑극단  누적 칸을 이용할 때마다, 추가 <SCORE> 1점을 받습니다. 플레이어 수가 1~3명인 게임에서는 이 카드를  유랑극단  누적 칸으로 간주합니다 ( 낚시  누적 칸처럼 준비 단계에 음식을 1개씩 올려놓습니다).",,c,minorImprovements,https://boardgamegeek.com/geeksearch.php?action=search&objecttype=boardgameaccessory&q=agricola+Studio
C056,사육장 울타리,새로 외양간을 지을 때 <FOOD> 1개를 받습니다. 마지막 외양간을 지을 때는 대신 <FOOD> 3개를 받습니다. 외양간을 지을 때 외양간 1개에서 <나무> 2개 대신 <CLAY> 1개를 낼 수 있습니다.,,c,minorImprovements,https://boardgamegeek.com/geeksearch.php?action=search&objecttype=boardgameaccessory&q=agricola+Feed+Fence
C057,생야채 샐러드,"이 카드를 내려놓을 때, 즉시 <FOOD> 3개를 내고 <VEGETABLE> 딱 1개를 구매할 수 있습니다. 아무 때나, 밭에서 다른 <VEGETABLE> 위에 올려진 <VEGETABLE> 1개를 버리고 <FOOD> 4개를 가져올 수 있습니다.",,c,minorImprovements,https://boardgamegeek.com/geeksearch.php?action=search&objecttype=boardgameaccessory&q=agricola+Crudité
C058,나무 공예,"나무 누적 칸을 이용한 뒤, 갖고 있는 <나무>가 5개 이하라면 <FOOD> 1개를 가져옵니다.",,c,minorImprovements,https://boardgamegeek.com/geeksearch.php?action=search&objecttype=boardgameaccessory&q=agricola+Woodcraft
C059,슈납스 증류기,"수확 중 가족 먹여살리기 단계에서 1번씩, <VEGETABLE> 1개를 내고 <FOOD> 5개를 가져올 수 있습니다. 점수를 계산할 때, 5/6번째 <VEGETABLE>마다 추가 <SCORE> 1점씩을 받습니다.",,c,minorImprovements,https://boardgamegeek.com/geeksearch.php?action=search&objecttype=boardgameaccessory&q=agricola+Schnapps+Distillery
C060,#N/A,번역 결과 없음,,c,minorImprovements,https://boardgamegeek.com/geeksearch.php?action=search&objecttype=boardgameaccessory&q=agricola+Small+Potter's+Oven
C061,맥주잔,"빵 굽기  행동을 할 때 1번씩, <GRAIN> 1개를 내고 <FOOD> 2개와 추가 <SCORE> 1점을 받을 수 있습니다.",,c,minorImprovements,https://boardgamegeek.com/geeksearch.php?action=search&objecttype=boardgameaccessory&q=agricola+Beer+Stein
C062,#N/A,번역 결과 없음,,c,minorImprovements,https://boardgamegeek.com/geeksearch.php?action=search&objecttype=boardgameaccessory&q=agricola+Cooking+Hearth+Extension
C063,맥주 양조장,"매 수확의 가족 먹여살리기 단계에서 한 번씩, 이 카드를 이용하여 개인 창고의 <GRAIN> 1개와 밭에 심어진 <GRAIN> 1개를 추가 <SCORE> 2점과 <FOOD> 4개로 바꿀 수 있습니다.",,c,minorImprovements,https://boardgamegeek.com/geeksearch.php?action=search&objecttype=boardgameaccessory&q=agricola+Craft+Brewery
C064,옥수수 슈납스 증류기,"라운드당 1번, <GRAIN> 1개를 내고 다음 라운드 칸 4개에 <FOOD> 1개씩을 놓을 수 있습니다. 해당 라운드가 시작될 때마다 이 <FOOD>을 가져옵니다.",,c,minorImprovements,https://boardgamegeek.com/geeksearch.php?action=search&objecttype=boardgameaccessory&q=agricola+Corn+Schnapps+Distillery
C065,곡식저장고,"8, 10, 12라운드 칸에 <GRAIN> 1개씩을 놓습니다. 해당 라운드가 시작될 때마다 이 <GRAIN>을 가져옵니다.",,c,minorImprovements,https://boardgamegeek.com/geeksearch.php?action=search&objecttype=boardgameaccessory&q=agricola+Granary
C066,지속적 호밀 경작,"수확 단계가 끝날 때, <GRAIN>이 2개라면 <FOOD> 1개를 가져옵니다. 3개 이상이라면 대신 <GRAIN> 1개를 가져옵니다.",,c,minorImprovements,https://boardgamegeek.com/geeksearch.php?action=search&objecttype=boardgameaccessory&q=agricola+Eternal+Rye+Cultivation
C067,무기물 사료통,"수확을 하지 않는 라운드가 시작될 때, <SHEEP>을 우리에서 1마리 이상 키우고 있다면, <GRAIN> 1개를 가져옵니다.",,c,minorImprovements,https://boardgamegeek.com/geeksearch.php?action=search&objecttype=boardgameaccessory&q=agricola+Mineral+Feeder
C068,책꽂이,직업을 내려놓을 때마다 <VEGETABLE> 1개를 가져옵니다.,,c,minorImprovements,https://boardgamegeek.com/geeksearch.php?action=search&objecttype=boardgameaccessory&q=agricola+Bookcase
C069,#N/A,번역 결과 없음,,c,minorImprovements,https://boardgamegeek.com/geeksearch.php?action=search&objecttype=boardgameaccessory&q=agricola+Land+Consolidation
C070,상추밭,이 카드는 채소만 심을 수 있는 밭으로 기능합니다. 이 카드에서 수확한 <VEGETABLE>는 즉시 <FOOD> 4개로 바꿀 수 있습니다.,,c,minorImprovements,https://boardgamegeek.com/geeksearch.php?action=search&objecttype=boardgameaccessory&q=agricola+Lettuce+Patch
C071,똥거름 살포기,"매 수확의 농장 단계에서, 밭에 마지막으로 남은 <GRAIN>/<VEGETABLE>를 가져올 때마다 <FOOD> 2개/<FOOD> 1개를 추가로 가져옵니다.",,c,minorImprovements,https://boardgamegeek.com/geeksearch.php?action=search&objecttype=boardgameaccessory&q=agricola+Slurry
C072,#N/A,번역 결과 없음,,c,minorImprovements,https://boardgamegeek.com/geeksearch.php?action=search&objecttype=boardgameaccessory&q=agricola+Harvest+Festival+Planning
C073,해초 비료,"조건 없는  씨 뿌리기  행동을 할 때마다, 그 후에 공동 창고에서 <GRAIN> 1개를 가져옵니다. 11라운드부터는 대신에 <VEGETABLE> 1개를 가져올 수 있습니다.",,c,minorImprovements,https://boardgamegeek.com/geeksearch.php?action=search&objecttype=boardgameaccessory&q=agricola+Seaweed+Fertilizer
C074,개인 숲,남은 모든 짝수 라운드 칸에 <나무> 1개씩을 놓습니다. 해당 라운드가 시작될 때마다 이 <나무>를 가져옵니다.,,c,minorImprovements,https://boardgamegeek.com/geeksearch.php?action=search&objecttype=boardgameaccessory&q=agricola+Private+Forest
C075,장작,"갱신: 매 라운드의 집에 돌아오기 단계에서, 이 카드 위에 <나무> 1개를 놓습니다.  화로 ,  화덕 ,  가마  설비를 지을 때마다, 이 카드 위의 <나무>를 4개까지 개인 창고로 가져옵니다.",,c,minorImprovements,https://boardgamegeek.com/geeksearch.php?action=search&objecttype=boardgameaccessory&q=agricola+Firewood
C076,나무 수레,"나무 누적 칸을 이용할 때, <나무> 2개를 추가로 가져옵니다.",,c,minorImprovements,https://boardgamegeek.com/geeksearch.php?action=search&objecttype=boardgameaccessory&q=agricola+Wood+Cart
C077,흙 공급,다음 라운드 칸 3개에 <CLAY> 1개씩을 놓습니다. 해당 라운드가 시작될 때마다 이 <CLAY>을 가져옵니다.,,c,minorImprovements,https://boardgamegeek.com/geeksearch.php?action=search&objecttype=boardgameaccessory&q=agricola+Clay+Supply
C078,갈대 모자를 쓴 두꺼비,"현재 라운드에 5, 7, 9, 11, 13을 더한 라운드 칸에 <REED> 1개씩을 놓습니다. 해당 라운드가 시작될 때마다 이 <REED>를 가져옵니다.",,c,minorImprovements,https://boardgamegeek.com/geeksearch.php?action=search&objecttype=boardgameaccessory&q=agricola+Reed-Hatted+Toad
C079,돌 수레,남은 모든 짝수 라운드 칸에 <STONE> 1개씩을 놓습니다. 해당 라운드가 시작될 때마다 이 <STONE>를 가져옵니다.,,c,minorImprovements,https://boardgamegeek.com/geeksearch.php?action=search&objecttype=boardgameaccessory&q=agricola+Stone+Cart
C080,돌이 많은 지형,"(밭 타일이나 밭으로 취급하는 카드인) 밭을 일굴 때마다, <FOOD> 1개를 내고 <STONE> 1개를 가져올 수 있습니다.",,c,minorImprovements,https://boardgamegeek.com/geeksearch.php?action=search&objecttype=boardgameaccessory&q=agricola+Rocky+Terrain
C081,#N/A,번역 결과 없음,,c,minorImprovements,https://boardgamegeek.com/geeksearch.php?action=search&objecttype=boardgameaccessory&q=agricola+Material+Hub
C082,철물점,"날품팔이  행동 칸을 이용할 때마다, 그 후에 <FOOD> 2개를 내고 <나무> 1개, <CLAY> 1개, <REED> 1개, <STONE> 1개를 구매할 수 있습니다.",,c,minorImprovements,https://boardgamegeek.com/geeksearch.php?action=search&objecttype=boardgameaccessory&q=agricola+Hardware+Store
C083,어린 소,"이 카드를 놓을 때, 즉시 <CATTLE> 2마리를 가져옵니다.",,c,minorImprovements,https://boardgamegeek.com/geeksearch.php?action=search&objecttype=boardgameaccessory&q=agricola+Early+Cattle
C084,다년생 호밀,"수확을 하지 않는 라운드마다 한 번씩, <GRAIN> 1개를 내고 가축 1종류를 골라 번식시킬 수 있습니다. (번식 단계로 간주하지 않습니다)",,c,minorImprovements,https://boardgamegeek.com/geeksearch.php?action=search&objecttype=boardgameaccessory&q=agricola+Perennial+Rye
D085,책 읽어주는 사람,"- (이 카드를 포함해서) 당신 앞에 놓여있는 직업 카드가 6장 이상이 되면, 이 카드는 가족 구성원 1명을 위한 방을 제공합니다.  _드래프트 선택 규칙을 사용 중이면, 직업 카드가 7장 이상이 되어야 합니다. _",,d,occupations,https://boardgamegeek.com/geeksearch.php?action=search&objecttype=boardgameaccessory&q=agricola+Reader
D086,양 중개상,"이미 위에 가축을 키울 수 있는 카드를 제외하고, (이 카드를 포함해서) 자기 앞에 놓여있는 직업 카드 위에서 <SHEEP> 1마리씩을 키울 수 있습니다.",,d,occupations,https://boardgamegeek.com/geeksearch.php?action=search&objecttype=boardgameaccessory&q=agricola+Sheep+Agent
D087,건축가,"게임 중 1번, 집에 방이 5개 이상 있을 때 아무 때나, 방 1개를 비용을 내지 않고 만들 수 있습니다.",,d,occupations,https://boardgamegeek.com/geeksearch.php?action=search&objecttype=boardgameaccessory&q=agricola+Master+Builder
D088,풍차 장인,"즉시 <GRAIN> 1개를 가져옵니다. 울타리나 외양간을 짓거나, 방을 만들거나, 집을 고칠 때마다,  아무 종류의 건축 자원을 최대 2개까지 각각 <GRAIN> 1개씩으로 대체할 수 있습니다.",,d,occupations,https://boardgamegeek.com/geeksearch.php?action=search&objecttype=boardgameaccessory&q=agricola+Millwright
D089,외양간 일꾼,"울타리를 1개라도 칠 때마다, 외양간 1개를 <WOOD>를 내지 않고 지을 수 있습니다.",,d,occupations,https://boardgamegeek.com/geeksearch.php?action=search&objecttype=boardgameaccessory&q=agricola+Stablehand
D090,쟁기 제작자,"농지 나  밭 농사  행동 칸을 이용할 때, <FOOD> 1개로 밭 1개를 더 일굴 수 있습니다.",,d,occupations,https://boardgamegeek.com/geeksearch.php?action=search&objecttype=boardgameaccessory&q=agricola+Plow+Maker
D091,쟁기꾼,"현재 라운드에 4, 7, 10을 더한 라운드 칸에 밭 타일 1개씩을 놓습니다. 해당 라운드가 시작될 때마다 <FOOD> 1개를 내고 이 밭을 일굴 수 있습니다.",,d,occupations,https://boardgamegeek.com/geeksearch.php?action=search&objecttype=boardgameaccessory&q=agricola+Plowman
D092,아동 감찰관,"5라운드부터, 집에 빈 방이 있다면, 가족 말을 놓아 행동을 완료할 때, <SCORE> -2점을 받고 해당 가족 말로  가족 늘리기  행동을 할 수 있습니다.",,d,occupations,https://boardgamegeek.com/geeksearch.php?action=search&objecttype=boardgameaccessory&q=agricola+Child+Ombudsman
D093,양 감독관,"일하기 단계마다 1번, 가족 말을 놓아 행동한 뒤, <SHEEP> 1마리와 <FOOD> 2개를 내고  회합 장소  이외의 칸에 있는 다른 가족 말을 집으로 되돌릴 수 있습니다.",,d,occupations,https://boardgamegeek.com/geeksearch.php?action=search&objecttype=boardgameaccessory&q=agricola+Sheep+Inspector
D094,공처가,"두 번째 가족 말을 놓아  방 만들기  행동을 이용할 때마다, 첫 번째로 놓았던 가족 말이  회합 장소  이외의 칸에 있다면 집으로 되돌립니다.",,d,occupations,https://boardgamegeek.com/geeksearch.php?action=search&objecttype=boardgameaccessory&q=agricola+Henpecked+Husband
D095,작업장 관리자,"이 카드를 놓을 때, 즉시 주요 설비 1개를 짓습니다. 이 주요 설비의 비용을 낼 때, 건축 자원을 종류마다 1개씩 <FOOD>으로 대신 낼 수 있습니다.",,d,occupations,https://boardgamegeek.com/geeksearch.php?action=search&objecttype=boardgameaccessory&q=agricola+Site+Manager
D096,가구상,"갱신: 이 카드를 내려놓으면 즉시 <WOOD> 2개를 가져옵니다. 방을 1개 이상 만들 때마다, 만든 방의 수만큼 설비를 각각 <WOOD> 1개씩을 적게 내고 짓거나 내려놓을 수 있습니다.",,d,occupations,https://boardgamegeek.com/geeksearch.php?action=search&objecttype=boardgameaccessory&q=agricola+Furnisher
D097,구걸하는 학생,이 카드를 내려놓으면 <BEGGING> 토큰 1개를 가져옵니다. 수확을 시작할 때 비용을 내지 않고 직업 1개를 내려놓을 수 있습니다.,,d,occupations,https://boardgamegeek.com/geeksearch.php?action=search&objecttype=boardgameaccessory&q=agricola+Begging+Student
D098,거래자,14라운드의 마지막 수확 직전에 게임판에 남은 모든 건축 자원을 가져올 수 있습니다.,,d,occupations,https://boardgamegeek.com/geeksearch.php?action=search&objecttype=boardgameaccessory&q=agricola+Transactor
D099,토기 그릇 제작자,"4라운드 내에 이 카드를 내려놓았다면, 마지막 수확을 마친 뒤 가족 구성원 수까지 <CLAY>을 내고 그 수만큼 추가 <SCORE>를 받을 수 있습니다.",,d,occupations,https://boardgamegeek.com/geeksearch.php?action=search&objecttype=boardgameaccessory&q=agricola+Earthenware+Potter
D100,영주,"점수를 계산할 때, 최대 점수인 4점을 얻은 분야마다 추가 <SCORE> 1점을 받습니다. (울타리 친 외양간 4개에도 이 점수를 받습니다)",,d,occupations,https://boardgamegeek.com/geeksearch.php?action=search&objecttype=boardgameaccessory&q=agricola+Lord+of+the+Manor
D101,설탕 제조업자,"곡식 활용  행동 칸을 이용한 뒤, <FOOD> 1개를 내고 추가 <SCORE> 1점을 받을 수 있습니다. 낸 <FOOD>는 곡식 활용 행동 칸에 놓습니다.",,d,occupations,https://boardgamegeek.com/geeksearch.php?action=search&objecttype=boardgameaccessory&q=agricola+Sugar+Baker
D102,외양간 견본 제작자,"집에 돌아오기 단계를 시작할 때마다, 이미 지어진 외양간 1개를 개인 창고로 되돌릴 수 있습니다. 그렇게 한다면, <WOOD> 1개, <GRAIN> 1개, <FOOD> 1개를 가져오고  보조 설비  행동을 합니다.",,d,occupations,https://boardgamegeek.com/geeksearch.php?action=search&objecttype=boardgameaccessory&q=agricola+Sample+Stable+Maker
D103,운하 뱃사공,"낚시 나  갈대밭  칸을 이용할 때, <FOOD> 1개를 내고 즉시 다른 가족 구성원을 이 카드에 놓을 수 있습니다. 이 경우 <STONE> 3개 또는 <GRAIN> 1개와 <VEGETABLE> 1개 중 하나를 골라 가져옵니다.",,d,occupations,https://boardgamegeek.com/geeksearch.php?action=search&objecttype=boardgameaccessory&q=agricola+Canal+Boatman
D104,경작자,"이 카드 위에 <WOOD>, <CLAY>, <REED>, <STONE>, <REED>, <CLAY>, <WOOD>을 순서대로 쌓습니다. 밭 타일에서 수확할 때마다, 맨 위에 있는 물건 1개를 가져올 수 있습니다.",,d,occupations,https://boardgamegeek.com/geeksearch.php?action=search&objecttype=boardgameaccessory&q=agricola+Cultivator
D105,조각가,"흙 누적 칸을 이용할 때마다, <FOOD> 1개를 추가로 가져옵니다. 돌 누적 칸을 이용할 때마다, <GRAIN> 1개를 추가로 가져옵니다.",,d,occupations,https://boardgamegeek.com/geeksearch.php?action=search&objecttype=boardgameaccessory&q=agricola+Sculptor
D106,위스키 제조업자,"아무 때나, <GRAIN> 1개를 내고 현재 라운드에 2를 더한 라운드 칸에 <FOOD> 4개를 놓을 수 있습니다. 이 경우 해당 라운드가 시작될 때 이 <FOOD>을 가져옵니다.",,d,occupations,https://boardgamegeek.com/geeksearch.php?action=search&objecttype=boardgameaccessory&q=agricola+Whisky+Distiller
D107,종 주조사,"매 라운드의 집에 돌아오기 단계에서, <CLAY>이 있다면 <CLAY>을 모두 버리고 <FOOD> 3개나 추가 <SCORE> 1점을 받을 수 있습니다.",,d,occupations,https://boardgamegeek.com/geeksearch.php?action=search&objecttype=boardgameaccessory&q=agricola+Bellfounder
D108,돌 조각가,"수확 때마다 1번씩, <STONE> 1개를 내고 <FOOD> 3개를 가져올 수 있습니다.",,d,occupations,https://boardgamegeek.com/geeksearch.php?action=search&objecttype=boardgameaccessory&q=agricola+Stone+Carver
D109,씨 뿌리기 명인,"이 카드를 놓을 때, 즉시 <WOOD> 1개를 가져옵니다.  곡식 활용 이나  밭 농사  행동 칸을 이용한 뒤, <FOOD> 2개를 가져옵니다.",,d,occupations,https://boardgamegeek.com/geeksearch.php?action=search&objecttype=boardgameaccessory&q=agricola+Sowing+Master
D110,양식장 어부,"낚시  누적 칸에 음식이 1/2/3개 이상 있다면,   갈대밭 / 흙 채굴장 / 숲  누적 칸에서 <FOOD> 2개를 추가로 가져옵니다.",,d,occupations,https://boardgamegeek.com/geeksearch.php?action=search&objecttype=boardgameaccessory&q=agricola+Fish+Farmer
D111,실내장식업자,집을 고칠 때마다 다음 라운드 칸 6개에 <FOOD> 1개씩을 놓습니다. 해당 라운드가 시작될 때마다 이 <FOOD>을 가져옵니다.,,d,occupations,https://boardgamegeek.com/geeksearch.php?action=search&objecttype=boardgameaccessory&q=agricola+Interior+Decorator
D112,어린 농부,"주요 설비  행동 칸을 이용할 때마다, <GRAIN> 1개를 추가로 가져온 뒤   씨 뿌리기  행동을 할 수 있습니다.",,d,occupations,https://boardgamegeek.com/geeksearch.php?action=search&objecttype=boardgameaccessory&q=agricola+Young+Farmer
D113,식자재 상인,"밭에서 수확하는 <GRAIN> 1개마다, <FOOD> 3개로 <VEGETABLE> 1개씩을 구매할 수 있습니다. 이때 밭에서 마지막으로 수확한 <GRAIN>에 대해서는 <VEGETABLE> 비용으로 <FOOD>을 2개씩만 내면 됩니다.",,d,occupations,https://boardgamegeek.com/geeksearch.php?action=search&objecttype=boardgameaccessory&q=agricola+Food+Merchant
D114,씨앗 상인,"이 카드 위에 <GRAIN> 2개와 <VEGETABLE> 2개를 놓습니다. 아무 때나, <FOOD> 2개를 내고 이 카드 위의 <GRAIN> 1개를, <FOOD> 3개를 내고 이 카드 위의 <VEGETABLE> 1개를 살 수 있습니다.",,d,occupations,https://boardgamegeek.com/geeksearch.php?action=search&objecttype=boardgameaccessory&q=agricola+Seed+Trader
D115,사료 뿌리는 사람,수확 중 번식 단계에서 가져온 새로 태어난 가축마다 밭 1개에 씨를 뿌릴 수 있습니다.,,d,occupations,https://boardgamegeek.com/geeksearch.php?action=search&objecttype=boardgameaccessory&q=agricola+Fodder+Planter
D116,나무 감독관,"이 카드는 나만 이용할 수 있는  <WOOD> 1개  누적 칸입니다. 라운드 행동 카드를 공개할 때마다, 새로 공개된 카드가  채석장  누적 칸이면 이 카드에서 <WOOD>를 모두 버립니다.",,d,occupations,https://boardgamegeek.com/geeksearch.php?action=search&objecttype=boardgameaccessory&q=agricola+Tree+Inspector
D117,나무 전문가,이 카드를 내려놓으면 즉시 <WOOD> 2개를 가져옵니다. 설비의 비용을 <WOOD> 2개까지 <FOOD>으로 대신할 수 있습니다.,,d,occupations,https://boardgamegeek.com/geeksearch.php?action=search&objecttype=boardgameaccessory&q=agricola+Wood+Expert
D118,돌대가리,"이 카드 위에 <WOOD> 6개를 놓습니다. (이 카드를 포함한) 손의 카드를 내려놓을 때마다, 이 카드에서 <WOOD> 1개를 가져옵니다.",,d,occupations,https://boardgamegeek.com/geeksearch.php?action=search&objecttype=boardgameaccessory&q=agricola+Bonehead
D119,나무 교환하는 사람,"울타리 치기 나  방 짓기  행동이 포함된 행동 칸을 이용하기 전에, <WOOD> 2개를 가져오거나 <WOOD>를 2개까지 내고 그 수만큼 <REED>를 가져올 수 있습니다.",,d,occupations,https://boardgamegeek.com/geeksearch.php?action=search&objecttype=boardgameaccessory&q=agricola+Wood+Barterer
D120,흙 나르는 사람,6~14라운드 칸에 <CLAY> 1개씩을 놓습니다. 해당 라운드가 시작될 때마다 이 <CLAY>을 가져옵니다.,,d,occupations,https://boardgamegeek.com/geeksearch.php?action=search&objecttype=boardgameaccessory&q=agricola+Clay+Deliveryman
D121,미장이,"나무집을 흙집으로 고칠 때 비용으로 <CLAY> 1개와 <REED> 1개만 냅니다. 흙집에 방을 만들 때, 방 1개당 <CLAY> 3개와 <REED> 2개만 냅니다.",,d,occupations,https://boardgamegeek.com/geeksearch.php?action=search&objecttype=boardgameaccessory&q=agricola+Clay+Plasterer
D122,#N/A,번역 결과 없음,,d,occupations,https://boardgamegeek.com/geeksearch.php?action=search&objecttype=boardgameaccessory&q=agricola+Clay+Seller
D123,재건축 준비자,새로 나무집/흙집 방을 만들 때마다 <CLAY> 2개/<STONE> 2개를 가져옵니다.,,d,occupations,https://boardgamegeek.com/geeksearch.php?action=search&objecttype=boardgameaccessory&q=agricola+Renovation+Preparer
D124,특사,"아무 때나, 이 카드 위에 물건 1개를 놓고 <STONE> 1개를 가져올 수 있습니다. 카드를 쓸 때마다 서로 다른 물건을 놓아야 합니다. (<FOOD>도 물건으로 간주합니다)",,d,occupations,https://boardgamegeek.com/geeksearch.php?action=search&objecttype=boardgameaccessory&q=agricola+Emissary
D125,숲 상인,"나무나 흙 누적 칸을 이용할 때 1번씩, <FOOD>을 내고 건축 자원 1개를 가져올 수 있습니다. <WOOD>, <CLAY>, <REED>를 가져오려면 음식 1개, <STONE>을 가져오려면 음식 2개를 내야 합니다.",,d,occupations,https://boardgamegeek.com/geeksearch.php?action=search&objecttype=boardgameaccessory&q=agricola+Forest+Trader
D126,밭 경작자,"이 카드 위에 <WOOD>, <CLAY>, <REED>, <STONE>, <REED>, <CLAY>, <WOOD>을 순서대로 쌓습니다. 밭 타일에서 수확할 때마다, 맨 위에 있는 물건 1개를 가져올 수 있습니다.",,d,occupations,https://boardgamegeek.com/geeksearch.php?action=search&objecttype=boardgameaccessory&q=agricola+Field+Cultivator
D127,근면한 사람,"이 카드는 이 카드를 놓은 사람만 이용할 수 있는 행동 칸입니다. 만약 다른 플레이어들이 모두 나보다 방을 더 많이 갖고 있다면, 이 카드의 행동 칸을 통해  날품팔이 ,  방 만들기 ,  주요 설비 짓기  행동을 전부 할 수 있습니다.",,d,occupations,https://boardgamegeek.com/geeksearch.php?action=search&objecttype=boardgameaccessory&q=agricola+Hardworking+Man
D128,건설업계 거물,"다른 플레이어가 방을 1개 이상 만들 때, 그 플레이어에게 <FOOD> 1개를 주고 자기 방 1개를 만들 수 있습니다. (방을 만드는 비용은 자기가 내야 합니다.)",,d,occupations,https://boardgamegeek.com/geeksearch.php?action=search&objecttype=boardgameaccessory&q=agricola+Building+Tycoon
D129,벌목의 거장,"수확 때마다, <WOOD>를 5개 이상 갖고 있다면 <WOOD>를 5개만 남기고 버린 뒤  외양간 짓기 나  나무집 방 만들기  행동을 할 수 있습니다.",,d,occupations,https://boardgamegeek.com/geeksearch.php?action=search&objecttype=boardgameaccessory&q=agricola+Lumber+Virtuoso
D130,취미로 하는 목수,"일하기 단계가 끝날 때,  회합 장소  행동 칸을 이용하지 않았다면 가족 말을 놓지 않고  방 짓기  행동을 할 수 있습니다.",,d,occupations,https://boardgamegeek.com/geeksearch.php?action=search&objecttype=boardgameaccessory&q=agricola+Recreational+Carpenter
D131,장인정신 홍보대사,"이 카드를 놓을 때, 즉시 <STONE> 1개를 가져옵니다.  보조 설비  행동으로도 아래쪽 가로줄의 주요 설비를 지을 수 있습니다.",,d,occupations,https://boardgamegeek.com/geeksearch.php?action=search&objecttype=boardgameaccessory&q=agricola+Craftsmanship+Promoter
D132,은둔 농부,"게임이 끝났을 때, 빈칸 1개당 <FOOD> 1개씩을 낼 수 있습니다. 음식을 낸 빈칸에 대해서는 감점을 받지 않습니다.",,d,occupations,https://boardgamegeek.com/geeksearch.php?action=search&objecttype=boardgameaccessory&q=agricola+Hide+Farmer
D133,맥주 부스 운영자,"수확 중 가족 먹여살리기 단계마다, 이 카드를 이용하여 <WOOD> 1개와 <GRAIN> 1개를 추가  <SCORE> 1점과 <FOOD> 2개로 바꿀 수 있습니다.",,d,occupations,https://boardgamegeek.com/geeksearch.php?action=search&objecttype=boardgameaccessory&q=agricola+Beer+Tent+Operator
D134,굴 먹는 사람,"누구든 (이 카드를 낸 플레이어 포함)  낚시  누적 칸을 이용할 때마다, 이 카드를 낸 플레이어는 추가 <SCORE> 1점을 받고 이번 라운드에서 다음 가족 구성원을 놓는 차례를 한 번 건너뜁니다. (이 가족 구성원은 차례를 건너뛴 뒤 다시 차례가 돌아오면 놓을 수 있습니다)",,d,occupations,https://boardgamegeek.com/geeksearch.php?action=search&objecttype=boardgameaccessory&q=agricola+Oyster+Eater
D135,정원 수석 관리인,"이 카드를 놓을 때 1/3/6/9번의 라운드가 남았다면 <WOOD> 1/2/3/4개를 가져옵니다. 점수를 계산할 때, 밭에 가장 채소가 많은 플레이어 모두가 추가 <SCORE> 2점씩을 받습니다.",,d,occupations,https://boardgamegeek.com/geeksearch.php?action=search&objecttype=boardgameaccessory&q=agricola+Gardening+Head+Official
D136,동물 운동가,"앞으로 3/6/9라운드가 남았다면 즉시 <WOOD> 2/3/4개를 가져옵니다. 점수를 계산할 때, 울타리 친 외양간이 가장 많은 플레이어 모두가 추가 <SCORE> 2점을 받습니다.",,d,occupations,https://boardgamegeek.com/geeksearch.php?action=search&objecttype=boardgameaccessory&q=agricola+Animal+Activist
D137,사업 스승,"교습  행동 칸을 이용할 때마다, 그 후에 <FOOD>을 내고 서로 다른 물건을 2개까지 가져올 수 있습니다. <GRAIN>, <STONE>, <SHEEP>, <PIG>는 음식 1개, <CATTLE>와 <VEGETABLE>는 음식 2개를 내야 합니다.",,d,occupations,https://boardgamegeek.com/geeksearch.php?action=search&objecttype=boardgameaccessory&q=agricola+Trade+Teacher
D138,애완동물 애호가,"가축 1마리만을 가져오는 누적 칸을 이용할 때, 가져올 가축을 그 행동 칸에 두고 같은 종류의 가축 1마리, <FOOD> 3개, <GRAIN> 1개를 가져올 수 있습니다.",,d,occupations,https://boardgamegeek.com/geeksearch.php?action=search&objecttype=boardgameaccessory&q=agricola+Pet+Lover
D139,회장,"다른 플레이어가  회합 장소  행동 칸을 이용할 때마다, (행동을 하기 전에) 자신과 회합 장소 행동 칸을 이용한 플레이어는 각각 <FOOD> 1개씩을 가져갑니다. 내가 사용하면 <FOOD> 1개를 가져옵니다.",,d,occupations,https://boardgamegeek.com/geeksearch.php?action=search&objecttype=boardgameaccessory&q=agricola+Chairman
D140,수다쟁이,한 누적 칸에서 건축 자원 4개 이상이나 가축 4마리 이상을 가져올 때마다 추가로 <FOOD> 1개를 가져옵니다.,,d,occupations,https://boardgamegeek.com/geeksearch.php?action=search&objecttype=boardgameaccessory&q=agricola+Loudmouth
D141,씨앗 장수,"이 카드를 내려놓으면 즉시 <GRAIN> 1개를 가져옵니다.  곡식 종자  행동 칸을 이용할 때, <GRAIN> 1개를 추가로 가져옵니다.",,d,occupations,https://boardgamegeek.com/geeksearch.php?action=search&objecttype=boardgameaccessory&q=agricola+Seed+Seller
D142,감자 심는 사람,"일하기 단계가 끝날 때,  흙 채굴장 이나  갈대밭  누적 칸 중 하나를 내가 사용했고, 다른 한 칸은 비어있다면 <VEGETABLE> 1개를 가져옵니다.",,d,occupations,https://boardgamegeek.com/geeksearch.php?action=search&objecttype=boardgameaccessory&q=agricola+Potato+Planter
D143,나무 자르는 사람,"<WOOD> 이외의 물건이 3개 이상 쌓인 누적 칸을 이용할 때마다, <WOOD> 1개를 추가로 가져옵니다. (<FOOD>도 물건으로 간주합니다)",,d,occupations,https://boardgamegeek.com/geeksearch.php?action=search&objecttype=boardgameaccessory&q=agricola+Tree+Cutter
D144,물 일꾼,"낚시 ,  갈대밭 ,  날품팔이  행동 칸이나 4라운드 행동 칸을 이용한 뒤 <REED> 1개를 추가로 가져옵니다.",,d,occupations,https://boardgamegeek.com/geeksearch.php?action=search&objecttype=boardgameaccessory&q=agricola+Water+Worker
D145,지붕 검수관,"이 카드를 놓을 때, 주요 설비가 1/2/3/4개 있다면 즉시 <REED> 2/3/4/5개를 가져옵니다.",,d,occupations,https://boardgamegeek.com/geeksearch.php?action=search&objecttype=boardgameaccessory&q=agricola+Roof+Examiner
D146,짐꾼,"1/2/3/4/5/6번째 수확의 번식 단계에서 한 번씩, 이 카드를 이용해 <FOOD> 2/2/3/3/4/1개를 내고 <STONE> 2개를 구매할 수 있습니다.",,d,occupations,https://boardgamegeek.com/geeksearch.php?action=search&objecttype=boardgameaccessory&q=agricola+Porter
D147,덫 제작자,"날품팔이  행동 칸을 이용할 때마다 다음 라운드 칸 3개에 각각 <FOOD> 1개, <FOOD> 1개, <PIG> 1마리를 놓습니다. 해당 라운드가 시작될 때마다 이 물건을 가져옵니다.",,d,occupations,https://boardgamegeek.com/geeksearch.php?action=search&objecttype=boardgameaccessory&q=agricola+Trap+Builder
D148,길들이기 전문가,수직으로 인접한 방의 경계선 사이에 양 2마리를 키울 수 있습니다.,,d,occupations,https://boardgamegeek.com/geeksearch.php?action=search&objecttype=boardgameaccessory&q=agricola+Domestician+Expert
D149,임시 노동자,"다른 플레이어가  채석장  누적 칸을 사용할 때마다,  <FOOD> 1개를 가져오거나 나무를 내지 않고 외양간 하나를 지을 수 있습니다.",,d,occupations,https://boardgamegeek.com/geeksearch.php?action=search&objecttype=boardgameaccessory&q=agricola+Casual+Worker
D150,경건한 배우자,"두 번째 가족 말을 놓아  가족 늘리기  행동을 이용할 때마다, 첫 번째로 놓았던 가족 말이  회합 장소  이외의 칸에 있다면 집으로 되돌립니다.",,d,occupations,https://boardgamegeek.com/geeksearch.php?action=search&objecttype=boardgameaccessory&q=agricola+Godly+Spouse
D151,언론 대변인,"유랑극단  누적 칸을 이용한 후에 즉시, 사용하지 않은 다른 가족 말 1개를 원하는 행동 칸에 놓고 이용할 수 있습니다. 이미 가족 말이 놓여있는 행동 칸에도 놓을 수 있습니다.",,d,occupations,https://boardgamegeek.com/geeksearch.php?action=search&objecttype=boardgameaccessory&q=agricola+Spin+Doctor
D152,후원자,"다음부터 직업을 내려놓을 때, 직업 비용을 내기 전에 <FOOD> 2개를 가져옵니다.",,d,occupations,https://boardgamegeek.com/geeksearch.php?action=search&objecttype=boardgameaccessory&q=agricola+Patron
D153,부유한 사람,"1/2/3/4/5/6번째 수확이 시작될 때, 곡식밭이 1/2/3/4/5/6개 이상 있다면 추가 <SCORE> 1점을 받습니다.",,d,occupations,https://boardgamegeek.com/geeksearch.php?action=search&objecttype=boardgameaccessory&q=agricola+Wealthy+Man
D154,굴뚝 청소부,"집을 돌집으로 고칠 때 <STONE> 2개를 적게 냅니다. 점수를 계산할 때, 돌집에 사는 다른 플레이어 수만큼 추가 <SCORE>를 받습니다.",,d,occupations,https://boardgamegeek.com/geeksearch.php?action=search&objecttype=boardgameaccessory&q=agricola+Chimney+Sweep
D155,흑단 조각가,"수확 때마다 1번씩, <WOOD> 1개를 내고 <FOOD> 1개와 <GRAIN> 1개를 가져올 수 있습니다.",,d,occupations,https://boardgamegeek.com/geeksearch.php?action=search&objecttype=boardgameaccessory&q=agricola+Ebonist
D156,소매업자,이 카드에 <GRAIN> 3개와 <FOOD> 3개를 놓습니다.  자원 시장  행동 칸을 이용할 때마다 이 카드에서 <GRAIN> 1개와 <FOOD> 1개를 가져옵니다.,,d,occupations,https://boardgamegeek.com/geeksearch.php?action=search&objecttype=boardgameaccessory&q=agricola+Retail+Dealer
D157,조직 창립자,"이 카드를 내려놓은 후에 딱 한 번, 다른 플레이어가 5번째 가족 구성원을 얻을 때, 즉시 <FOOD> 8개를 가져옵니다. 점수를 계산할 때, 가족 구성원이 5명인 플레이어가 자기뿐이라면 추가 <SCORE> 3점을 받습니다.",,d,occupations,https://boardgamegeek.com/geeksearch.php?action=search&objecttype=boardgameaccessory&q=agricola+Party+Organizer
D158,경리 담당자,1~8라운드 행동 칸을 이용할 때 이 카드에 <FOOD> 1개를 놓습니다. 이 카드에 <FOOD> 3개가 놓이면 모인 <FOOD>을 가져옵니다.,,d,occupations,https://boardgamegeek.com/geeksearch.php?action=search&objecttype=boardgameaccessory&q=agricola+Bean+Counter
D159,#N/A,번역 결과 없음,,d,occupations,https://boardgamegeek.com/geeksearch.php?action=search&objecttype=boardgameaccessory&q=agricola+Reed+Seller
D160,산파,"다른 플레이어가 라운드의 1번째 가족 구성원으로  가족 늘리기  행동을 이용할 때마다, 공동 창고에서 <GRAIN> 1개를 가져옵니다.",,d,occupations,https://boardgamegeek.com/geeksearch.php?action=search&objecttype=boardgameaccessory&q=agricola+Midwife
D161,#N/A,번역 결과 없음,,d,occupations,https://boardgamegeek.com/geeksearch.php?action=search&objecttype=boardgameaccessory&q=agricola+Cabbage+Buyer
D162,흙 굽는 사람,"이 카드를 내려놓으면 즉시 <CLAY> 2개를 가져옵니다. 아무 때나, <CLAY>을 내고 <STONE>를 가져올 수 있습니다. <CLAY> 2개를 내면 <STONE> 1개, <CLAY> 3개를 내면 <STONE> 2개를 가져옵니다.",,d,occupations,https://boardgamegeek.com/geeksearch.php?action=search&objecttype=boardgameaccessory&q=agricola+Clay+Firer
D163,숙달된 벽돌공,"이 카드를 놓을 때, 즉시 <STONE> 2개를 가져옵니다. 다른 플레이어가 집을 돌집으로 고치거나 돌집 방을 만들 때마다 <STONE> 1개를 가져옵니다.",,d,occupations,https://boardgamegeek.com/geeksearch.php?action=search&objecttype=boardgameaccessory&q=agricola+Journeyman+Bricklayer
D164,애완동물 기르는 사람,"가축 누적 칸을 이용한 후에, 집에서 키우고 있는 가축이 없다면, <SHEEP> 1마리를 추가로 가져옵니다.",,d,occupations,https://boardgamegeek.com/geeksearch.php?action=search&objecttype=boardgameaccessory&q=agricola+Pet+Grower
D165,멧돼지 사냥꾼,"갱신: 가축 누적 칸을 이용할 때마다, 해당 누적 칸 왼쪽 또는 오른쪽으로 인접한 1~14라운드 행동 칸에 내 가족 말이 놓여있다면, <PIG> 1마리를 추가로 가져옵니다.",,d,occupations,https://boardgamegeek.com/geeksearch.php?action=search&objecttype=boardgameaccessory&q=agricola+Pig+Stalker
D166,외양간 착유자,"한 차례에 최소 2개 이상의 외양간을 지을 때마다, <CATTLE> 1마리를 추가로 가져옵니다.",,d,occupations,https://boardgamegeek.com/geeksearch.php?action=search&objecttype=boardgameaccessory&q=agricola+Stable+Milker
D167,순종 사육사,"즉시 <WOOD> 1개를 가져옵니다. 수확을 하지 않는 라운드를 마칠 때마다, 가축 1종류를 골라 번식시킬 수 있습니다. (번식 단계로 간주하지 않습니다)",,d,occupations,https://boardgamegeek.com/geeksearch.php?action=search&objecttype=boardgameaccessory&q=agricola+Pure+Breeder
D168,목축업자,2/3/4번째 외양간을 지을 때 <CATTLE>/<PIG>/<SHEEP> 1마리를 가져옵니다. (한 번에 외양간을 여러 개 짓는다면 그에 맞춰 여러 마리의 가축을 한 번에 가져옵니다. 이미 지은 외양간에 대한 가축은 가져오지 않습니다.),,d,occupations,https://boardgamegeek.com/geeksearch.php?action=search&objecttype=boardgameaccessory&q=agricola+Stockman
D169,#N/A,번역 결과 없음,,d,occupations,https://boardgamegeek.com/geeksearch.php?action=search&objecttype=boardgameaccessory&q=agricola+Plowsmith
D170,#N/A,번역 결과 없음,,d,occupations,https://boardgamegeek.com/geeksearch.php?action=search&objecttype=boardgameaccessory&q=agricola+Fold+Builder
D171,#N/A,번역 결과 없음,,d,occupations,https://boardgamegeek.com/geeksearch.php?action=search&objecttype=boardgameaccessory&q=agricola+Senior+Teacher
D172,#N/A,번역 결과 없음,,d,occupations,https://boardgamegeek.com/geeksearch.php?action=search&objecttype=boardgameaccessory&q=agricola+Putcher+Maker
D173,#N/A,번역 결과 없음,,d,occupations,https://boardgamegeek.com/geeksearch.php?action=search&objecttype=boardgameaccessory&q=agricola+Town+Clerk
D174,#N/A,번역 결과 없음,,d,occupations,https://boardgamegeek.com/geeksearch.php?action=search&objecttype=boardgameaccessory&q=agricola+Loess+Gardener
D175,#N/A,번역 결과 없음,,d,occupations,https://boardgamegeek.com/geeksearch.php?action=search&objecttype=boardgameaccessory&q=agricola+Countryman
D176,#N/A,번역 결과 없음,,d,occupations,https://boardgamegeek.com/geeksearch.php?action=search&objecttype=boardgameaccessory&q=agricola+Woodshacker
D177,#N/A,번역 결과 없음,,d,occupations,https://boardgamegeek.com/geeksearch.php?action=search&objecttype=boardgameaccessory&q=agricola+Graduate
D178,#N/A,번역 결과 없음,,d,occupations,https://boardgamegeek.com/geeksearch.php?action=search&objecttype=boardgameaccessory&q=agricola+Substitute+Teacher
D179,#N/A,번역 결과 없음,,d,occupations,https://boardgamegeek.com/geeksearch.php?action=search&objecttype=boardgameaccessory&q=agricola+Bullcatcher
D180,#N/A,번역 결과 없음,,d,occupations,https://boardgamegeek.com/geeksearch.php?action=search&objecttype=boardgameaccessory&q=agricola+Part-Time+Worker
D001,갈지자형 써레,즉시 지그재그 모양이 되도록 밭 1개를 일굴 수 있습니다. (모양을 돌리거나 뒤집을 수 있습니다),,d,minorImprovements,https://boardgamegeek.com/geeksearch.php?action=search&objecttype=boardgameaccessory&q=agricola+Zigzag+Harrow
D002,주택 건축 도면,즉시  집 고치기  행동을 할 수 있습니다.,,d,minorImprovements,https://boardgamegeek.com/geeksearch.php?action=search&objecttype=boardgameaccessory&q=agricola+Dwelling+Plan
D003,이랑,즉시 밭 1개에 씨를 뿌릴 수 있습니다.,,d,minorImprovements,https://boardgamegeek.com/geeksearch.php?action=search&objecttype=boardgameaccessory&q=agricola+Furrows
D004,가로로 잘린 나무,즉시 개인 창고에 있는 <STONE>마다 <나무> 1개씩을 가져옵니다.,,d,minorImprovements,https://boardgamegeek.com/geeksearch.php?action=search&objecttype=boardgameaccessory&q=agricola+Cross-Cut+Wood
D005,밭 점토,작물을 심은 밭의 수만큼 즉시 <CLAY>을 가져옵니다.,,d,minorImprovements,https://boardgamegeek.com/geeksearch.php?action=search&objecttype=boardgameaccessory&q=agricola+Field+Clay
D006,나무 화석,즉시 <나무>를 3개까지 내고 그 수만큼 <STONE>을 가져올 수 있습니다.,,d,minorImprovements,https://boardgamegeek.com/geeksearch.php?action=search&objecttype=boardgameaccessory&q=agricola+Petrified+Wood
D007,삼지창,"이 카드를 3/6/9/12라운드에 내려놓았다면, 즉시 <FOOD> 3/4/5/6개를 가져옵니다.",,d,minorImprovements,https://boardgamegeek.com/geeksearch.php?action=search&objecttype=boardgameaccessory&q=agricola+Trident
D008,고사리 종자,<FOOD> 2개와 <GRAIN> 1개를 가져옵니다. 가져온 곡식으로 즉시 빈 밭에 씨를 뿌려야 합니다.,,d,minorImprovements,https://boardgamegeek.com/geeksearch.php?action=search&objecttype=boardgameaccessory&q=agricola+Fern+Seeds
D009,동물 거래,"즉시 <PIG> 1마리와 <CATTLE> 1마리를 가져옵니다. (실질적으로, <SHEEP> 2마리를 <PIG> 1마리와 <CATTLE> 1마리로 바꿉니다.)",,d,minorImprovements,https://boardgamegeek.com/geeksearch.php?action=search&objecttype=boardgameaccessory&q=agricola+Game+Trade
D010,황새 둥지,"매 라운드의 집에 돌아오기 단계에서, 사람보다 방이 많다면 <FOOD> 1개를 내고  가족 늘리기  행동을 할 수 있습니다.",,d,minorImprovements,https://boardgamegeek.com/geeksearch.php?action=search&objecttype=boardgameaccessory&q=agricola+Stork's+Nest
D011,잔디 비료,"1칸짜리 우리에서, 한 종류의 가축 3마리까지를 키울 수 있습니다. (외양간이 있으면 한 종류의 가축 6마리까지를 키울 수 있습니다)",,d,minorImprovements,https://boardgamegeek.com/geeksearch.php?action=search&objecttype=boardgameaccessory&q=agricola+Lawn+Fertilzer
D012,착유소,"수확 중 가족 먹여살리기 단계마다 1번씩, <FOOD> 1개를 가져옵니다. 더 이상 다른 카드 능력을 포함한 어떤 방법으로도 집에 가축을 놓을 수 없습니다.",,d,minorImprovements,https://boardgamegeek.com/geeksearch.php?action=search&objecttype=boardgameaccessory&q=agricola+Milking+Place
D013,흙손,"아무 때나, 집을 돌집으로 고칠 수 있습니다. 나무집을 돌집으로 고칠 때는 방마다 <STONE> 1개, <REED> 1개, <FOOD> 1개를 냅니다. 흙집을 돌집으로 고칠 때는 방마다 <STONE> 1개를 냅니다.",,d,minorImprovements,https://boardgamegeek.com/geeksearch.php?action=search&objecttype=boardgameaccessory&q=agricola+Trowel
D014,분쇄 망치,"돌집으로 집을 고치기 직전에, <CLAY> 2개와 <REED> 1개를 가져오고  방 만들기  행동을 할 수 있습니다.",,d,minorImprovements,https://boardgamegeek.com/geeksearch.php?action=search&objecttype=boardgameaccessory&q=agricola+Hammer+Crusher
D015,흙집 골조,"흙집 방을 만들 때 <CLAY> 5개와 <REED> 2개 대신 <CLAY> 2개, <나무> 1개, <REED> 1개를 낼 수 있습니다.",,d,minorImprovements,https://boardgamegeek.com/geeksearch.php?action=search&objecttype=boardgameaccessory&q=agricola+Clay+Supports
D016,목재 유장 양동이,"양 시장 / 소 시장  누적 칸을 이용하기 전에, <나무> 1개로/비용을 내지 않고 외양간 1개를 지을 수 있습니다.",,d,minorImprovements,https://boardgamegeek.com/geeksearch.php?action=search&objecttype=boardgameaccessory&q=agricola+Wooden+Whey+Bucket
D017,파종용 써레,"조건 없는  씨 뿌리기  행동을 할 때마다 그 전에, <FOOD> 3개를 내고 밭 1개를 일굴 수 있습니다.",,d,minorImprovements,https://boardgamegeek.com/geeksearch.php?action=search&objecttype=boardgameaccessory&q=agricola+Drill+Harrow
D018,증기력 쟁기,매 라운드 집에 돌아오기 단계 직후에 <나무> 2개와 <FOOD> 1개를 내면 가족 말을 놓지 않고  농지  행동 칸을 이용할 수 있습니다.,,d,minorImprovements,https://boardgamegeek.com/geeksearch.php?action=search&objecttype=boardgameaccessory&q=agricola+Steam+Plow
D019,분쇄용 쟁기,"흙 누적 칸을 이용할 때마다 그 후에, 즉시 <CLAY> 1개를 내고 밭 1개를 일굴 수 있습니다. 그렇게 한다면, 이렇게 낸 <CLAY>은 누적 칸에 놓습니다.",,d,minorImprovements,https://boardgamegeek.com/geeksearch.php?action=search&objecttype=boardgameaccessory&q=agricola+Pulverizer+Plow
D020,양날쟁기,"이 카드 위에 밭 타일 2개를 놓습니다.  농지 나  밭 농사  행동 칸을 이용할 때, 이 카드의 밭 2개를 일굴 수 있습니다.",,d,minorImprovements,https://boardgamegeek.com/geeksearch.php?action=search&objecttype=boardgameaccessory&q=agricola+Turnwrest+Plow
D021,모집,"5라운드부터, 집에 빈 방이 있다면  보조 설비  행동을 할 때 대신  가족 늘리기  행동을 할 수 있습니다.",,d,minorImprovements,https://boardgamegeek.com/geeksearch.php?action=search&objecttype=boardgameaccessory&q=agricola+Recruitment
D022,취업 허가,"현재 라운드에 내가 갖고 있는 건축 자원 개수만큼을 더한 라운드 칸에, 개인 창고에서 가족 말 1개를 가져와 놓습니다. 해당 라운드에 그 가족 말을 사용할 수 있습니다.",,d,minorImprovements,https://boardgamegeek.com/geeksearch.php?action=search&objecttype=boardgameaccessory&q=agricola+Work+Permit
D023,개척 정신,"이 카드는 이 카드를 놓은 사람만 이용할 수 있는 행동 칸입니다. 3~5라운드에서는  집 고치기  행동을 할 수 있습니다. 6~8라운드에서는 <VEGETABLE> 1개, <PIG> 1마리, <CATTLE> 1마리 중 하나를 골라 가져올 수 있습니다.",,d,minorImprovements,https://boardgamegeek.com/geeksearch.php?action=search&objecttype=boardgameaccessory&q=agricola+Pioneering+Spirit
D024,형제의 우애,"가족 구성원이 정확히 4명이라면, 일하기 단계가 시작할 때 3번째 가족 구성원을 놓은 뒤 즉시 4번째 가족 구성원을 놓을 수 있습니다. 서로 같은 행동 칸에 놓아도 됩니다.",,d,minorImprovements,https://boardgamegeek.com/geeksearch.php?action=search&objecttype=boardgameaccessory&q=agricola+Brotherly+Love
D025,#N/A,번역 결과 없음,,d,minorImprovements,https://boardgamegeek.com/geeksearch.php?action=search&objecttype=boardgameaccessory&q=agricola+Witches'+Dance+Floor
D026,목수의 마당,가구 제작소 나  우물  주요 설비를  보조 설비  행동으로 지을 수 있습니다. 또는 한 번의  주요 설비  행동으로  가구 제작소 와  우물 을 둘 다 지을 수 있습니다.,,d,minorImprovements,https://boardgamegeek.com/geeksearch.php?action=search&objecttype=boardgameaccessory&q=agricola+Carpenter's+Yard
D027,재훈련,"집을 고친 차례를 마칠 때마다,  가구 제작소 를  그릇 제작소 로 바꾸거나  그릇 제작소 를  바구니 제작소 로 바꿀 수 있습니다.",,d,minorImprovements,https://boardgamegeek.com/geeksearch.php?action=search&objecttype=boardgameaccessory&q=agricola+Retraining
D028,책상,"교습  행동 칸을 이용할 때, <FOOD> 2개를 내고 직업 1개를 더 내려놓을 수 있습니다.",,d,minorImprovements,https://boardgamegeek.com/geeksearch.php?action=search&objecttype=boardgameaccessory&q=agricola+Writing+Desk
D029,퇴비용 갈퀴,"점수를 계산할 때, 정확히 <SHEEP> 1마리, <PIG> 1마리, 또는 <CATTLE> 1마리만 있고 울타리를 치지 않은 외양간마다 추가 <SCORE> 1점을 받습니다.",,d,minorImprovements,https://boardgamegeek.com/geeksearch.php?action=search&objecttype=boardgameaccessory&q=agricola+Muck+Rake
D030,장인 구역,"점수를 계산할 때, 가지고 있는 주요 설비 중 주요 설비판의 아랫줄에서 가져온 주요 설비가 3/4/5개라면 추가 <SCORE> 2/5/8점을 받습니다.",,d,minorImprovements,https://boardgamegeek.com/geeksearch.php?action=search&objecttype=boardgameaccessory&q=agricola+Artisan+District
D031,저장고,"점수를 계산할 때, <GRAIN> 1개와 <VEGETABLE> 1개 묶음마다 추가 <SCORE> 0.5점을 받습니다. 남은 작물과 밭에 있는 작물을 모두 계산하며, 소수점은 올림합니다.",,d,minorImprovements,https://boardgamegeek.com/geeksearch.php?action=search&objecttype=boardgameaccessory&q=agricola+Storeroom
D032,나무 갈퀴,"점수를 계산할 때, 마지막 수확을 하기 전에 밭에 물건이 7개 이상 있었다면 추가 <SCORE> 2점을 받습니다.",,d,minorImprovements,https://boardgamegeek.com/geeksearch.php?action=search&objecttype=boardgameaccessory&q=agricola+Wood+Rake
D033,여름 별장,"점수를 계산할 때, 돌집에 살고 있다면, 집에 인접한 빈칸 1개마다 추가 <SCORE> 2점씩을 받습니다. (빈칸으로 인한 감점은 여전히 받습니다)",,d,minorImprovements,https://boardgamegeek.com/geeksearch.php?action=search&objecttype=boardgameaccessory&q=agricola+Summer+House
D034,호화로운 숙박시설,"점수를 계산할 때, 가족 구성원보다 돌집 방이 더 많다면 추가 <SCORE> 4점을 받습니다. 카드 1장에서만 돌집으로 추가점수를 받을 수 있습니다.",,d,minorImprovements,https://boardgamegeek.com/geeksearch.php?action=search&objecttype=boardgameaccessory&q=agricola+Luxurious+Hostel
D035,사료실,"1/2/3/4인 이상 게임에서 점수를 계산할 때, 내 농장의 7/5/4/3번째 가축마다 추가 <SCORE> 1점을 받습니다.",,d,minorImprovements,https://boardgamegeek.com/geeksearch.php?action=search&objecttype=boardgameaccessory&q=agricola+Fodder+Chamber
D036,혈통 기록서,"게임 도중에, 번식을 제외한 방법으로 <SHEEP>을 최대 2마리까지만 얻었고, 양을 한 마리도 음식으로 바꾸지 않았다면, 점수를 계산할 때 추가 <SCORE> 3점을 받습니다.",,d,minorImprovements,https://boardgamegeek.com/geeksearch.php?action=search&objecttype=boardgameaccessory&q=agricola+Breed+Registry
D037,조각상,"수확을 하지 않는 라운드를 마칠 때 1번씩, <나무> 1개를 내고 <FOOD> 2개를 가져오거나 <STONE> 1개를 내고 <FOOD> 4개를 가져올 수 있습니다.",,d,minorImprovements,https://boardgamegeek.com/geeksearch.php?action=search&objecttype=boardgameaccessory&q=agricola+Sculpture
D038,젖짜기 의자,"수확 중 농장 단계에서, <CATTLE>를 1/3/5마리 이상 갖고 있다면 <FOOD> 1/2/3개를 가져옵니다. 점수를 계산할 때, <CATTLE> 2마리당 추가 <SCORE> 1점씩을 받습니다.",,d,minorImprovements,https://boardgamegeek.com/geeksearch.php?action=search&objecttype=boardgameaccessory&q=agricola+Milking+Stool
D039,트러플 슬라이서,"나무 누적 칸을 이용할 때, <PIG>가 있다면 <FOOD> 1개를 내고 추가 <SCORE> 1점을 받을 수 있습니다.",,d,minorImprovements,https://boardgamegeek.com/geeksearch.php?action=search&objecttype=boardgameaccessory&q=agricola+Truffle+Slicer
D040,오물 구덩이,남은 모든 라운드 칸에 <CLAY> 부터 시작하여 <CLAY> 1개와 <PIG> 1마리를 번갈아 놓습니다. 해당 라운드가 시작될 때마다 이 물건을 가져옵니다.,,d,minorImprovements,https://boardgamegeek.com/geeksearch.php?action=search&objecttype=boardgameaccessory&q=agricola+Cesspit
D041,말이 끄는 보트,남은 모든 라운드 칸에 <FOOD>부터 시작하여  <FOOD> 1개와 <SHEEP> 1마리를 교대로 놓습니다. 해당 라운드가 시작될 때마다 이 물건을 가져옵니다.,,d,minorImprovements,https://boardgamegeek.com/geeksearch.php?action=search&objecttype=boardgameaccessory&q=agricola+Horse-Drawn+Boat
D042,교육 수당,1/2/3/4/5/6번째 직업을 내려놓을 때 즉시 <GRAIN>/<CLAY>/<REED>/<STONE>/<VEGETABLE>/<FIELD> 1개를 가져옵니다 (이미 내려놓은 직업에 대한 혜택은 받지 않습니다).,,d,minorImprovements,https://boardgamegeek.com/geeksearch.php?action=search&objecttype=boardgameaccessory&q=agricola+Education+Bonus
D043,작은 우리,다음 라운드 칸 4개에 <FOOD> 0/1/2/3개를 놓습니다. 해당 라운드가 시작될 때마다 이 <FOOD>을 가져옵니다.,,d,minorImprovements,https://boardgamegeek.com/geeksearch.php?action=search&objecttype=boardgameaccessory&q=agricola+Hutch
D044,숲의 우물,갖고 있는 <나무> 수까지의 남은 라운드 칸에 <FOOD> 1개씩을 놓습니다. 해당 라운드가 시작될 때마다 이 <FOOD>을 가져옵니다.,,d,minorImprovements,https://boardgamegeek.com/geeksearch.php?action=search&objecttype=boardgameaccessory&q=agricola+Forest+Well
D045,양의 우물,<SHEEP>의 수까지의 다음 라운드 칸에 <FOOD> 1개씩을 놓습니다. 해당 라운드가 시작될 때마다 이 <FOOD>을 가져옵니다.,,d,minorImprovements,https://boardgamegeek.com/geeksearch.php?action=search&objecttype=boardgameaccessory&q=agricola+Sheep+Well
D046,펠릿 압축기,"라운드당 1번, <REED> 1개를 내고 다음 라운드 칸 4개에 <FOOD> 1개씩을 놓을 수 있습니다. 해당 라운드가 시작될 때마다 이 <FOOD>을 가져옵니다.",,d,minorImprovements,https://boardgamegeek.com/geeksearch.php?action=search&objecttype=boardgameaccessory&q=agricola+Pellet+Press
D047,교회 묘지,남은 모든 라운드 칸에 <FOOD> 2개씩을 놓습니다. 해당 라운드가 시작될 때마다 이 <FOOD>을 가져옵니다. (*카드는 직업과 설비를 의미합니다),,d,minorImprovements,https://boardgamegeek.com/geeksearch.php?action=search&objecttype=boardgameaccessory&q=agricola+Churchyard
D048,도시 세트장,"매 라운드를 시작하기 전,  손에 설비보다 직업이 많다면 <FOOD> 1개를 가져옵니다.",,d,minorImprovements,https://boardgamegeek.com/geeksearch.php?action=search&objecttype=boardgameaccessory&q=agricola+Civic+Facade
D049,책장,"직업을 내려놓을 때, 직업 비용을 내기 전에 <FOOD> 3개를 가져옵니다.",,d,minorImprovements,https://boardgamegeek.com/geeksearch.php?action=search&objecttype=boardgameaccessory&q=agricola+Bookshelf
D050,외부 원조,이 카드를 내려놓으면 즉시 <FOOD> 6개를 가져옵니다. 앞으로 12~14라운드 행동 칸을 이용할 수 없습니다.,,d,minorImprovements,https://boardgamegeek.com/geeksearch.php?action=search&objecttype=boardgameaccessory&q=agricola+Foreign+Aid
D051,아치형 입구,"이 카드는 아무나 이용할 수 있는 행동 칸입니다. 이 카드를 이용하는 플레이어는 즉시 <FOOD> 1개를 가져옵니다. 집에 돌아오기 단계 직전에, 해당 플레이어는 이 카드에 놓인 가족 말을 빈 행동 칸으로 옮기고 그 행동 칸을 이용할 수 있습니다.",,d,minorImprovements,https://boardgamegeek.com/geeksearch.php?action=search&objecttype=boardgameaccessory&q=agricola+Archway
D052,밀방망이,"매 라운드의 집에 돌아오기 단계에서, <나무>보다 <CLAY>이 더 많으면 <FOOD> 1개를 가져옵니다.",,d,minorImprovements,https://boardgamegeek.com/geeksearch.php?action=search&objecttype=boardgameaccessory&q=agricola+Rolling+Pin
D053,찻집,"라운드당 1번, 두 번째 가족 말을 놓는 대신 <FOOD> 1개를 가져올 수 있습니다 (놓지 않은 가족 말은 이번 라운드의 다음 차례에 다시 놓을 수 있습니다).",,d,minorImprovements,https://boardgamegeek.com/geeksearch.php?action=search&objecttype=boardgameaccessory&q=agricola+Tea+House
D054,송어 연못,"일하기 단계가 시작될 때마다,  낚시  누적 칸의 <FOOD>이 3개 이상이라면 공동 창고에서 <FOOD> 1개를 가져옵니다.",,d,minorImprovements,https://boardgamegeek.com/geeksearch.php?action=search&objecttype=boardgameaccessory&q=agricola+Trout+Pool
D055,새로운 상점가,"8~11라운드 행동 칸을 이용할 때마다, <FOOD> 1개를 추가로 가져옵니다.",,d,minorImprovements,https://boardgamegeek.com/geeksearch.php?action=search&objecttype=boardgameaccessory&q=agricola+New+Market
D056,도축용 갈고리,"화로 계열 설비를 이용하여 <SHEEP>이나 <PIG>를 <FOOD>으로 바꿀 때마다, <FOOD> 1개를 추가로 가져옵니다.",,d,minorImprovements,https://boardgamegeek.com/geeksearch.php?action=search&objecttype=boardgameaccessory&q=agricola+Fatstock+Stretcher
D057,도매시장,남은 모든 라운드 칸에 <FOOD> 1개씩을 놓습니다. 해당 라운드가 시작될 때마다 이 <FOOD>을 가져옵니다.,,d,minorImprovements,https://boardgamegeek.com/geeksearch.php?action=search&objecttype=boardgameaccessory&q=agricola+Wholesale+Market
D058,모래 뿌리는 사람,"밭에 채소를 심는 행동을 마칠 때마다, (새로 채소를 심은 채소밭을 포함한) 내 채소밭 수만큼 <FOOD>을 가져옵니다.",,d,minorImprovements,https://boardgamegeek.com/geeksearch.php?action=search&objecttype=boardgameaccessory&q=agricola+Gritter
D059,땅속 가마,[ 빵 굽기  행동:],,d,minorImprovements,https://boardgamegeek.com/geeksearch.php?action=search&objecttype=boardgameaccessory&q=agricola+Earth+Oven
D060,큰 그릇,그릇 제작소 되돌리기,,d,minorImprovements,https://boardgamegeek.com/geeksearch.php?action=search&objecttype=boardgameaccessory&q=agricola+Large+Pottery
D061,짚더미,"수확 단계가 시작될 때마다, (곡식을 심은 밭 카드를 포함한) 곡식밭이 3개 이상이라면 <FOOD> 2개를 가져옵니다.",,d,minorImprovements,https://boardgamegeek.com/geeksearch.php?action=search&objecttype=boardgameaccessory&q=agricola+Bale+of+Straw
D062,맥주 잠금 꼭지,"이 카드를 놓을 때, 즉시 <FOOD> 2개를 가져옵니다. 수확 중 가족 먹여살리기 단계마다 1번씩, <GRAIN> 2/3/4개를 내고 <FOOD> 3/6/9개를 가져올 수 있습니다.",,d,minorImprovements,https://boardgamegeek.com/geeksearch.php?action=search&objecttype=boardgameaccessory&q=agricola+Beer+Tap
D063,구릉 경작지,"매 수확의 농장 단계에서, 집에 인접하고, 이번에 작물을 수확한 밭 타일 1개마다 <FOOD> 1개씩을 가져옵니다.",,d,minorImprovements,https://boardgamegeek.com/geeksearch.php?action=search&objecttype=boardgameaccessory&q=agricola+Lynchet
D064,제빵 수업,"수확을 하지 않는 라운드가 끝날 때마다,  빵 굽기  행동을 할 수 있습니다.",,d,minorImprovements,https://boardgamegeek.com/geeksearch.php?action=search&objecttype=boardgameaccessory&q=agricola+Baking+Course
D065,곡식용 체,"수확 중 농장 단계마다, <GRAIN>을 2개 이상 수확하면 공동 창고에서 <GRAIN> 1개를 가져옵니다.",,d,minorImprovements,https://boardgamegeek.com/geeksearch.php?action=search&objecttype=boardgameaccessory&q=agricola+Grain+Sieve
D066,도기,"빵 굽기  행동을 하기 전에, <CLAY> 1개를 내고 <GRAIN> 1개를 가져올 수 있습니다.",,d,minorImprovements,https://boardgamegeek.com/geeksearch.php?action=search&objecttype=boardgameaccessory&q=agricola+Potter+Ceramics
D067,추수용 낫,"4, 7, 9, 11, 13, 14라운드 칸 중 다음 라운드 칸 3개에 <GRAIN> 1개씩을 놓습니다. 해당 라운드가 시작될 때마다 이 <GRAIN>을 가져옵니다.",,d,minorImprovements,https://boardgamegeek.com/geeksearch.php?action=search&objecttype=boardgameaccessory&q=agricola+Reap+Hook
D068,작은 바구니,"갈대밭  누적 칸을 이용한 뒤, <REED> 1개를 내고 <VEGETABLE> 1개를 가져올 수 있습니다. 플레이어가 4명 이상일 때는 낸 <REED>를 갈대밭 누적 칸에 놓습니다.",,d,minorImprovements,https://boardgamegeek.com/geeksearch.php?action=search&objecttype=boardgameaccessory&q=agricola+Small+Basket
D069,소형 온실,"현재 라운드에 4, 7을 더한 라운드 칸에 <VEGETABLE> 1개씩을 놓습니다. 해당 라운드가 시작될 때마다 <FOOD> 1개를 내고 이 <VEGETABLE>를 살 수 있습니다.",,d,minorImprovements,https://boardgamegeek.com/geeksearch.php?action=search&objecttype=boardgameaccessory&q=agricola+Small+Greenhouse
D070,#N/A,"매 수확마다 농장 단계 직전에, 개인 창고의 <GRAIN> 1개를 내고, 최대 2곳까지의 채소밭에 각각 <VEGETABLE> 1개씩을 더할 수 있습니다.",,d,minorImprovements,https://boardgamegeek.com/geeksearch.php?action=search&objecttype=boardgameaccessory&q=agricola+Straw+Manure
D071,돌려짓기,"아무 때나, 수확으로 인해 물건이 딱 1개만 남아있는 밭이 있으면, 그 물건을 버리고 즉시 그 밭에  씨 뿌리기  행동을 할 수 있습니다.",,d,minorImprovements,https://boardgamegeek.com/geeksearch.php?action=search&objecttype=boardgameaccessory&q=agricola+Changeover
D072,외양간 거름,"매 수확의 농장 단계에서, 울타리가 없는 외양간 개수만큼의 밭에서 물건 1개씩을 추가로 수확할 수 있습니다.",,d,minorImprovements,https://boardgamegeek.com/geeksearch.php?action=search&objecttype=boardgameaccessory&q=agricola+Stable+Manure
D073,보급선,"낚시  누적 칸을 이용한 뒤, <FOOD> 1개를 내고 <GRAIN> 1개, 또는 <FOOD> 3개를 내고 <VEGETABLE> 1개를 살 수 있습니다.",,d,minorImprovements,https://boardgamegeek.com/geeksearch.php?action=search&objecttype=boardgameaccessory&q=agricola+Supply+Boat
D074,왕실의 목재,"농장 확장  행동 칸을 이용하거나 설비를 짓거나 내려놓으면, 그 차례가 끝날 때 해당 행동에 사용한 <나무> 2개당 <나무> 1개를 다시 가져옵니다 (소수점 버림).",,d,minorImprovements,https://boardgamegeek.com/geeksearch.php?action=search&objecttype=boardgameaccessory&q=agricola+Royal+Wood
D075,나무밭,"밭 2개처럼 이 카드에 <나무>를 심을 수 있지만, 이 카드는 밭 1개로 취급합니다. 이 카드에는 <GRAIN>처럼 <나무>를 심고 수확합니다.",,d,minorImprovements,https://boardgamegeek.com/geeksearch.php?action=search&objecttype=boardgameaccessory&q=agricola+Wood+Field
D076,사회적 혜택,"매 수확 중 가족 먹여살리기 단계 직후에, 갖고 있는 <FOOD>이 없다면 <나무> 1개와 <CLAY> 1개를 가져옵니다.",,d,minorImprovements,https://boardgamegeek.com/geeksearch.php?action=search&objecttype=boardgameaccessory&q=agricola+Social+Benefits
D077,재활용 벽돌,"아무 플레이어(이 카드를 낸 플레이어 포함)가 집을 돌로 고칠 때, 고친 방마다 <CLAY> 1개씩을 가져옵니다.",,d,minorImprovements,https://boardgamegeek.com/geeksearch.php?action=search&objecttype=boardgameaccessory&q=agricola+Recycled+Brick
D078,갈대 연못,다음 라운드 칸 3개에 <REED> 1개씩을 놓습니다. 해당 라운드가 시작될 때마다 이 <REED>를 가져옵니다.,,d,minorImprovements,https://boardgamegeek.com/geeksearch.php?action=search&objecttype=boardgameaccessory&q=agricola+Reed+Pond
D079,당근 박물관,"8, 10, 12라운드가 끝날 때, 채소밭마다 <STONE> 1개씩을, 개인 창고에 있는 <VEGETABLE>마다 <나무> 1개씩을 가져옵니다.",,d,minorImprovements,https://boardgamegeek.com/geeksearch.php?action=search&objecttype=boardgameaccessory&q=agricola+Carrot+Museum
D080,벽돌 망치,비용이 <CLAY> 2개 이상인 설비를 내려놓을 때마다 <STONE> 1개를 가져옵니다.,,d,minorImprovements,https://boardgamegeek.com/geeksearch.php?action=search&objecttype=boardgameaccessory&q=agricola+Brick+Hammer
D081,지붕 사다리,집을 고칠 때 <REED>를 1개 적게 냅니다. 집 고치기 행동을 마칠 때 <STONE> 1개를 가져옵니다.,,d,minorImprovements,https://boardgamegeek.com/geeksearch.php?action=search&objecttype=boardgameaccessory&q=agricola+Roof+Ladder
D082,수렵 기념물,집 개조 로 설비를 놓을 때 건축 자원 1개를 적게 냅니다.  농장 개조 로 울타리를 칠 때 <나무> 3개를 적게 냅니다.,,d,minorImprovements,https://boardgamegeek.com/geeksearch.php?action=search&objecttype=boardgameaccessory&q=agricola+Hunting+Trophy
D083,꿀꿀이죽,"울타리  행동 칸을 이용할 때마다, <PIG> 1마리를 가져옵니다.",,d,minorImprovements,https://boardgamegeek.com/geeksearch.php?action=search&objecttype=boardgameaccessory&q=agricola+Pigswill
D084,사료,"이 카드를 놓을 때, 즉시 <SHEEP> 1마리를 가져옵니다. 수확 중 가족 먹여살리기 단계마다 1번씩, <VEGETABLE> 1개를 내고 키우고 있는 종류의 가축 1마리를 가져올 수 있습니다.",,d,minorImprovements,https://boardgamegeek.com/geeksearch.php?action=search&objecttype=boardgameaccessory&q=agricola+Feed+Pellets
E085,숙련 무두장이,"멧돼지나 소를 음식으로 바꿀 때, 음식으로 바꾼 가축마다 가져온 음식 중 1개를 이 카드 위에 놓을 수 있습니다. 이 카드 위의 음식 수가 집에 있는 방의 수와 같다면, 이 카드는 가족 구성원 1명을 위한 방을 제공합니다.",,e,occupations,https://boardgamegeek.com/geeksearch.php?action=search&objecttype=boardgameaccessory&q=agricola+Master+Tanner
E086,우리 제작자,"아무 때나, 개인 창고에서 <WOOD> 1개를 버릴 수 있습니다. 이 카드 위에 이 카드로 버린 <WOOD>마다 가축 2마리씩을 키울 수 있습니다.",,e,occupations,https://boardgamegeek.com/geeksearch.php?action=search&objecttype=boardgameaccessory&q=agricola+Pen+Builder
E087,집 고치기 명인,"7, 9라운드의 일하기 단계가 끝날 때, 가족 말을 놓지 않고 건축 자원 1개를 적게 내면서  집 고치기  행동을 할 수 있습니다.",,e,occupations,https://boardgamegeek.com/geeksearch.php?action=search&objecttype=boardgameaccessory&q=agricola+Master+Renovator
E088,울타리 치기 명인,"돌집에 살고 있다면, 매 라운드가 시작될 때, <WOOD> 2/3개를 내고 울타리를 3/4개까지 칠 수 있습니다.",,e,occupations,https://boardgamegeek.com/geeksearch.php?action=search&objecttype=boardgameaccessory&q=agricola+Master+Fencer
E089,가판대 제작자,"(이 카드를 포함하여) 2/3/5/7번째 직업을 내려놓은 뒤, 비용을 내지 않고 외양간 1개를 지을 수 있습니다.",,e,occupations,https://boardgamegeek.com/geeksearch.php?action=search&objecttype=boardgameaccessory&q=agricola+Stallwright
E090,대변 모으는 사람,"가축이 2마리 이상 새로 태어날 때마다, <FOOD> 1개를 내고 밭 1개를 일굴 수 있습니다.",,e,occupations,https://boardgamegeek.com/geeksearch.php?action=search&objecttype=boardgameaccessory&q=agricola+Dung+Collector
E091,쟁기 제작자,"보조 설비  행동으로도  가구 제작소  주요 설비를 지을 수 있습니다. 수확 중  가구 제작소  또는  가구 제작소 가 개선된 설비를 이용하면, <FOOD> 1개를 내고 밭 1개를 일굴 수 있습니다.",,e,occupations,https://boardgamegeek.com/geeksearch.php?action=search&objecttype=boardgameaccessory&q=agricola+Plow+Builder
E092,현장 의사,"게임 중 1번, 밭 타일 4개에 둘러싸인 방 2개의 집에 살고 있다면, 빈 방이 없어도  급하지 않은 가족 늘리기  행동 칸을 이용할 수 있습니다.",,e,occupations,https://boardgamegeek.com/geeksearch.php?action=search&objecttype=boardgameaccessory&q=agricola+Field+Doctor
E093,동기부여자,"라운드의 첫 차례마다, 빈칸이 없다면 개인 창고의 가족 말을 놓을 수 있습니다.",,e,occupations,https://boardgamegeek.com/geeksearch.php?action=search&objecttype=boardgameaccessory&q=agricola+Motivator
E094,예언자,"이 카드를 놓을 때, 즉시   집 고치기  행동을 얻습니다. 그 뒤,  울타리 치기  행동을 할 수 있습니다.",,e,occupations,https://boardgamegeek.com/geeksearch.php?action=search&objecttype=boardgameaccessory&q=agricola+Prophet
E095,방앗간지기,"즉시 비용을 내고 <BAKE> 설비 1개를 지을 수 있습니다. 다른 플레이어가  곡식 종자  행동 칸을 이용할 때마다,  빵 굽기  행동을 할 수 있습니다.",,e,occupations,https://boardgamegeek.com/geeksearch.php?action=search&objecttype=boardgameaccessory&q=agricola+Miller
E096,장로,"이 카드는 이 카드를 놓은 사람만 이용할 수 있는 행동 칸입니다. 이 행동 칸을 이용할 때, <GRAIN> 3개를 가져옵니다.  보조 설비  행동으로도  돌가마  주요 설비를 지을 수 있습니다.",,e,occupations,https://boardgamegeek.com/geeksearch.php?action=search&objecttype=boardgameaccessory&q=agricola+Elder
E097,수혜자,"이 직업이 3번째로 내려놓은 직업이라면, 즉시 <FOOD> 1개만 내고 다른 직업 1개를 내려놓고, 비용을 내고 보조 설비 1개를 내려놓습니다. 직업과 보조 설비 중 한쪽만 내려놓아도 됩니다.",,e,occupations,https://boardgamegeek.com/geeksearch.php?action=search&objecttype=boardgameaccessory&q=agricola+Beneficiary
E098,신동,"이 직업이 1번째로 내려놓은 직업이라면, 이미 내려놓은 설비 수만큼 추가 <SCORE>를 받습니다. (이 카드를 내려놓은 뒤 설비를 내려놓을 때는 이 카드의 추가 점수를 받지 않습니다)",,e,occupations,https://boardgamegeek.com/geeksearch.php?action=search&objecttype=boardgameaccessory&q=agricola+Prodigy
E099,무관심한 부모,"수확 단계가 끝날 때마다, 돌집에 살고 있다면 추가 <SCORE> 1점을 받습니다.",,e,occupations,https://boardgamegeek.com/geeksearch.php?action=search&objecttype=boardgameaccessory&q=agricola+Uncaring+Parents
E100,박물관 관리인,"일하기 단계가 시작될 때, 개인 창고에 <WOOD>, <CLAY>, <REED>, <STONE>, <GRAIN>, <VEGETABLE>가 각각 1개 이상 있다면, 추가 <SCORE> 1점을 받습니다.",,e,occupations,https://boardgamegeek.com/geeksearch.php?action=search&objecttype=boardgameaccessory&q=agricola+Museum+Caretaker
E101,짜증나는 사람,"이 카드를 놓을 때, 남은 구간 수만큼 추가 <SCORE>를 받습니다. 더 이상 직업을 내려놓을 수 없습니다.",,e,occupations,https://boardgamegeek.com/geeksearch.php?action=search&objecttype=boardgameaccessory&q=agricola+Blighter
E102,매입자,"매 라운드가 시작될 때, 가족 구성원 수만큼 <FOOD>을 내고 공동 창고에서 물건 1개를 가져올 수 있습니다.",,e,occupations,https://boardgamegeek.com/geeksearch.php?action=search&objecttype=boardgameaccessory&q=agricola+Acquirer
E103,늑대,"이 카드 위에 <CLAY>, <WOOD>, <GRAIN>을 순서대로 쌓습니다. 맨 위에 있는 물건과 같은 종류의 물건을 가져올 때마다, 맨 위에 있는 물건을 개인 창고로 가져온 뒤 <PIG> 1마리를 가져옵니다.",,e,occupations,https://boardgamegeek.com/geeksearch.php?action=search&objecttype=boardgameaccessory&q=agricola+Wolf
E104,향신료 상인,"4라운드 내에 이 카드를 내려놓았다면, 11라운드 칸에 <VEGETABLE> 3개를 놓습니다. 해당 라운드가 시작될 때 이 <VEGETABLE>를 가져옵니다.",,e,occupations,https://boardgamegeek.com/geeksearch.php?action=search&objecttype=boardgameaccessory&q=agricola+Spice+Trader
E105,개척자,"이 카드는 이 카드를 놓은 사람만 이용할 수 있는 행동 칸입니다. 3~5라운드에서는  집 고치기  행동을 할 수 있습니다. 6~8라운드에서는 <VEGETABLE> 1개, <PIG> 1마리, <CATTLE> 1마리 중 하나를 골라 가져올 수 있습니다.",,e,occupations,https://boardgamegeek.com/geeksearch.php?action=search&objecttype=boardgameaccessory&q=agricola+Pioneer
E106,급매물 매도자,"이 카드를 놓을 때, 즉시 가족 구성원 수만큼의 건축 자원을 음식으로 바꿀 수 있습니다:",,e,occupations,https://boardgamegeek.com/geeksearch.php?action=search&objecttype=boardgameaccessory&q=agricola+Emergency+Seller
E107,토지 측량사,"매 수확의 농장 단계에서, 밭이 2/4/6/7개 있다면 <FOOD> 1/2/3/4개를 가져옵니다.",,e,occupations,https://boardgamegeek.com/geeksearch.php?action=search&objecttype=boardgameaccessory&q=agricola+Land+Surveyor
E108,블랙베리 농부,"울타리를 칠 때마다, 해당 행동으로 울타리를 친 수만큼의 다음 라운드 칸에 <FOOD> 1개씩을 놓습니다. 해당 라운드가 시작될 때마다 이 <FOOD>을 가져옵니다.",,e,occupations,https://boardgamegeek.com/geeksearch.php?action=search&objecttype=boardgameaccessory&q=agricola+Blackberry+Farmer
E109,끈 땋는 사람,"수확 때마다 1번씩, <REED> 1개를 <FOOD> 2개로 바꿀 수 있습니다.  보조 설비  행동으로도  바구니 제작소  주요 설비를 지을 수 있습니다. 해당 설비를 지을 때 <REED> 1개와 <STONE> 1개만 냅니다.",,e,occupations,https://boardgamegeek.com/geeksearch.php?action=search&objecttype=boardgameaccessory&q=agricola+Braid+Maker
E110,치과 의사,"수확 단계가 시작될 때, <WOOD> 1개를 이 카드 위에 놓을 수 있습니다. 이렇게 놓은 물건은 다시 가져올 수 없습니다. 수확 중 가족 먹여살리기 단계마다, 이 카드 위의 <WOOD> 수만큼 <FOOD>을 가져옵니다.",,e,occupations,https://boardgamegeek.com/geeksearch.php?action=search&objecttype=boardgameaccessory&q=agricola+Dentist
E111,은둔자,"내려놓은 보조 설비가 없다면, 라운드가 시작될 때마다 <FOOD> 1개를, 수확 때마다 <WOOD> 1개를 가져옵니다.",,e,occupations,https://boardgamegeek.com/geeksearch.php?action=search&objecttype=boardgameaccessory&q=agricola+Recluse
E112,곡식 도둑,"곡식밭에서 수확할 때, 곡식을 밭에 남겨두고 공동 창고에서 <GRAIN> 1개를 가져올 수도 있습니다.",,e,occupations,https://boardgamegeek.com/geeksearch.php?action=search&objecttype=boardgameaccessory&q=agricola+Grain+Thief
E113,대모,"가족 늘리기  행동을 할 때마다, <VEGETABLE> 1개를 가져옵니다.",,e,occupations,https://boardgamegeek.com/geeksearch.php?action=search&objecttype=boardgameaccessory&q=agricola+Godmother
E114,헛간 건축가,"1/2번째 외양간을 지을 때, <GRAIN> 1개를 가져옵니다. 3/4번째 외양간을 지을 때, <VEGETABLE> 1개를 가져옵니다. (이미 지은 외양간에 대한 자원은 가져오지 않습니다)",,e,occupations,https://boardgamegeek.com/geeksearch.php?action=search&objecttype=boardgameaccessory&q=agricola+Shed+Builder
E115,종자 심는 하인,"곡식 종자 / 채소 종자  행동 칸을 이용한 뒤,  빵 굽기 / 씨 뿌리기  행동을 할 수 있습니다.",,e,occupations,https://boardgamegeek.com/geeksearch.php?action=search&objecttype=boardgameaccessory&q=agricola+Seed+Servant
E116,전나무 자르는 사람,"이 카드를 놓을 때, 즉시 <FOOD> 1개를 가져옵니다. 1/2/3/4/5번째 가족 말로 가축 누적 칸을 이용할 때, <WOOD> 1/1/2/2/3개를 가져옵니다.",,e,occupations,https://boardgamegeek.com/geeksearch.php?action=search&objecttype=boardgameaccessory&q=agricola+Fir+Cutter
E117,파이프 담배 피우는 사람,"수확 단계가 시작될 때마다, 곡식밭이 1개 이상 있다면 <WOOD> 2개를 가져옵니다.",,e,occupations,https://boardgamegeek.com/geeksearch.php?action=search&objecttype=boardgameaccessory&q=agricola+Pipe+Smoker
E118,부싯깃 모으는 사람,"행동 칸에서 <FOOD>을 가져올 때마다, <WOOD> 1개를 추가로 가져옵니다.",,e,occupations,https://boardgamegeek.com/geeksearch.php?action=search&objecttype=boardgameaccessory&q=agricola+Kindling+Gatherer
E119,토지 후계자,"4라운드 내에 이 카드를 내려놓았다면, 9라운드 칸에 <WOOD> 4개와 <CLAY> 4개를 놓습니다. 해당 라운드가 시작될 때 이 자원을 가져옵니다.",,e,occupations,https://boardgamegeek.com/geeksearch.php?action=search&objecttype=boardgameaccessory&q=agricola+Land+Heir
E120,고철 모으는 사람,다음 라운드 칸 6개에 <WOOD>부터 시작하여  <WOOD> 1개와 <CLAY> 1개를 교대로 놓습니다. 해당 라운드가 시작될 때마다 이 자원을 가져옵니다.,,e,occupations,https://boardgamegeek.com/geeksearch.php?action=search&objecttype=boardgameaccessory&q=agricola+Scrap+Collector
E121,언덕 경작자,"곡식 종자 / 채소 종자  행동 칸을 이용할 때마다, <CLAY> 2/3개를 가져옵니다.",,e,occupations,https://boardgamegeek.com/geeksearch.php?action=search&objecttype=boardgameaccessory&q=agricola+Hill+Cultivator
E122,오두막 농부,"설비를 놓을 때마다, 비용을 낸 뒤 즉시 <WOOD> 1개나 <CLAY> 1개를 가져옵니다.",,e,occupations,https://boardgamegeek.com/geeksearch.php?action=search&objecttype=boardgameaccessory&q=agricola+Cottar
E123,자원 수집가,"이 카드 위에 <STONE>, <CLAY>, <STONE>, <REED>, <WOOD>, <CLAY>을 순서대로 쌓습니다. 방을 만들거나, 설비를 내려놓거나, 설비를 짓거나, 집을 고칠 때 맨 위에 있는 물건을 이용할 수 있습니다.",,e,occupations,https://boardgamegeek.com/geeksearch.php?action=search&objecttype=boardgameaccessory&q=agricola+Resource+Hoarder
E124,시장 후보,"즉시 <WOOD> 2개와 <STONE> 2개를 가져옵니다. 점수를 계산할 때, 개인 창고의 <WOOD>와 <STONE>마다 -1점씩 감점을 받습니다. 더 이상 <WOOD>나 <STONE>을 버릴 수 없습니다.",,e,occupations,https://boardgamegeek.com/geeksearch.php?action=search&objecttype=boardgameaccessory&q=agricola+Mayor+Candidate
E125,지각하는 나그네,"이 카드를 놓을 때, 즉시 건축 자원 1개를 가져옵니다. 이번 라운드의 가족 말 놓기가 끝난 뒤, 개인 창고의 가족 말 1개를 놓을 수 있습니다.",,e,occupations,https://boardgamegeek.com/geeksearch.php?action=search&objecttype=boardgameaccessory&q=agricola+Delayed+Wayfarer
E126,세금 징수인,"돌집에 살고 있다면, 매 라운드가 시작될 때, <WOOD> 2개, <CLAY> 2개, <REED> 1개, 또는 <STONE> 1개를 가져옵니다.",,e,occupations,https://boardgamegeek.com/geeksearch.php?action=search&objecttype=boardgameaccessory&q=agricola+Tax+Collector
E127,성실한 농부,"이 카드를 놓을 때, (울타리 친 외양간을 포함하여) 최대 점수인 4점을 얻을 분야가 3개 이상이라면, 비용을 내지 않고 집에 방 1개를 만들 수 있습니다.",,e,occupations,https://boardgamegeek.com/geeksearch.php?action=search&objecttype=boardgameaccessory&q=agricola+Diligent+Farmer
E128,안장 제작자,"주요 설비를 지은 뒤, <FOOD> 1개를 내고 밭 1개를 일굴 수 있습니다.",,e,occupations,https://boardgamegeek.com/geeksearch.php?action=search&objecttype=boardgameaccessory&q=agricola+Saddler
E129,흉내쟁이,"날품팔이  칸에 내 가족 말이 있다면, 누적 칸이 아닌 1~9라운드 행동 칸은 다른 플레이어의 가족 말이 있어도 이용할 수 있습니다.",,e,occupations,https://boardgamegeek.com/geeksearch.php?action=search&objecttype=boardgameaccessory&q=agricola+Imitator
E130,초과 달성자,"가족 늘리기  행동 칸을 이용할 때, 아무 자원 1개를 적게 내고 설비 1개를 짓거나 내려놓을 수 있습니다.",,e,occupations,https://boardgamegeek.com/geeksearch.php?action=search&objecttype=boardgameaccessory&q=agricola+Overachiever
E131,시장 관리자,"라운드에서 마지막 가족 말을  유랑극단  누적 칸에 놓았다면, 즉시 <FOOD> 1개만 내고 직업 1개를 내려놓을 수 있습니다.",,e,occupations,https://boardgamegeek.com/geeksearch.php?action=search&objecttype=boardgameaccessory&q=agricola+Market+Master
E132,채소 애호가,수확 때 마다 : 곡식 & 채소 ➝ 6 음식 / 점수를 계산할 때 : 곡식 & 채소 1/2/3 ➝ 2/4/6점,,e,occupations,https://boardgamegeek.com/geeksearch.php?action=search&objecttype=boardgameaccessory&q=agricola+Veggie+Lover
E133,우수 사육사,"매 수확의 번식 단계에서, 새로 태어난 가축 2/3마리 이상을 농장에 놓았다면, 추가 <SCORE> 1/2점을 받습니다.",,e,occupations,https://boardgamegeek.com/geeksearch.php?action=search&objecttype=boardgameaccessory&q=agricola+Champion+Breeder
E134,만능 농부,"수확 때마다 1번씩, 수확한 작물 1개 또는 새로 태어난 가축 1마리를 이 카드 위에 놓을 수 있습니다. 이렇게 놓은 물건은 다시 가져올 수 없습니다. 게임 중 1번, 이 카드 위에 물건이 2/3/4/5종류 있을 때 즉시 추가 <SCORE> 3/5/7/9점을 받습니다.",,e,occupations,https://boardgamegeek.com/geeksearch.php?action=search&objecttype=boardgameaccessory&q=agricola+Omnifarmer
E135,피클 만드는 사람,"이 카드를 놓을 때 1/3/6/9번의 라운드가 남았다면 <WOOD> 1/2/3/4개를 가져옵니다. 점수를 계산할 때, <VEGETABLE>가 가장 많은 플레이어 모두가 추가 <SCORE> 3점씩을 받습니다.",,e,occupations,https://boardgamegeek.com/geeksearch.php?action=search&objecttype=boardgameaccessory&q=agricola+Pickler
E136,축산업 일꾼,"이 카드를 놓을 때 3/6/9번의 라운드가 남았다면 <WOOD> 2/3/4개를 가져오고  울타리 치기  행동을 할 수 있습니다. 점수를 계산할 때, 우리가 가장 많은 플레이어 모두가 추가 <SCORE> 2점씩을 받습니다.",,e,occupations,https://boardgamegeek.com/geeksearch.php?action=search&objecttype=boardgameaccessory&q=agricola+Animal+Husbandry+Worker
E137,아마 농부,"갈대밭  누적 칸을 이용할 때, <GRAIN> 1개를 추가로 가져옵니다.  곡식 종자  행동 칸을 이용할 때, <REED> 1개를 추가로 가져옵니다.",,e,occupations,https://boardgamegeek.com/geeksearch.php?action=search&objecttype=boardgameaccessory&q=agricola+Flax+Farmer
E138,가축 전문가,"11라운드 내에 이 카드를 내려놓았다면, 가축 1종류를 골라, 내 농장의 해당 가축 수만큼 고른 가축을 가져옵니다.",,e,occupations,https://boardgamegeek.com/geeksearch.php?action=search&objecttype=boardgameaccessory&q=agricola+Livestock+Expert
E139,토끼 사육사,"아무 다음 라운드 칸 하나를 고릅니다. 고른 라운드 칸의 숫자에서 현재 라운드 숫자를 뺀 뒤, 고른 칸에 그만큼의 <FOOD>을 놓습니다. 해당 라운드가 시작될 때 이 <FOOD>을 가져옵니다.",,e,occupations,https://boardgamegeek.com/geeksearch.php?action=search&objecttype=boardgameaccessory&q=agricola+Bunny+Breeder
E140,수레 끄는 사람,"다음 라운드에서 건축 자원 누적 칸을 이용할 때마다, 가져오는 건축 자원 수만큼 <FOOD>을 추가로 가져옵니다.",,e,occupations,https://boardgamegeek.com/geeksearch.php?action=search&objecttype=boardgameaccessory&q=agricola+Carter
E141,채소 상인,주요 설비  행동 칸을 이용하면 <VEGETABLE> 1개를 추가로 가져옵니다.  채소 종자  행동 칸을 이용하면  주요 설비나 보조 설비  행동을 얻습니다.,,e,occupations,https://boardgamegeek.com/geeksearch.php?action=search&objecttype=boardgameaccessory&q=agricola+Vegetable+Vendor
E142,밀수꾼,"수확 중 가족 먹여살리기 단계에서, 물건 2개까지를 아래에 표시된 대로 바꿀 수 있습니다:",,e,occupations,https://boardgamegeek.com/geeksearch.php?action=search&objecttype=boardgameaccessory&q=agricola+Smuggler
E143,돌 부수는 광부,"3라운드부터, 일하기 단계가 끝날 때 흙 누적 칸 모두에 가족 말이 하나도 없다면 <STONE> 1개와 <FOOD> 1개를 가져옵니다.",,e,occupations,https://boardgamegeek.com/geeksearch.php?action=search&objecttype=boardgameaccessory&q=agricola+Hewer
E144,제품 판매인,"아무 플레이어(이 카드를 낸 플레이어 포함)가 건축 자원을 <FOOD>으로 바꿀 수 있는 카드를 짓거나 내려놓을 때마다, 해당 건축 자원 중 1개와 <REED> 1개를 가져옵니다.",,e,occupations,https://boardgamegeek.com/geeksearch.php?action=search&objecttype=boardgameaccessory&q=agricola+Wares+Salesman
E145,벼락부자,"7라운드 내에 이 카드를 내려놓았다면, <CLAY> 또는 <REED> 중 하나를 골라, 개인 창고의 해당 건축 자원 수만큼 고른 건축 자원을 가져옵니다.",,e,occupations,https://boardgamegeek.com/geeksearch.php?action=search&objecttype=boardgameaccessory&q=agricola+Parvenu
E146,전매상,"게임 중 1번, 설비를 내려놓은 뒤 즉시 공동 창고에서 내려놓은 설비에 적힌 비용만큼의 물건을 가져올 수 있습니다.",,e,occupations,https://boardgamegeek.com/geeksearch.php?action=search&objecttype=boardgameaccessory&q=agricola+Reseller
E147,가축 몰이꾼,"수확 단계가 시작될 때마다, 울타리 친 외양간이 1/2/3개 이상 있다면 <SHEEP>/<PIG>/<CATTLE> 1마리를 가져옵니다.",,e,occupations,https://boardgamegeek.com/geeksearch.php?action=search&objecttype=boardgameaccessory&q=agricola+Animal+Driver
E148,게으름뱅이,"곡식 종자 ,  농지 ,  날품팔이 ,  농장 확장  행동 칸에 각각 <STABLE>을 1개까지 놓습니다. 다른 플레이어가 이 행동 칸을 이용할 때, 해당 칸에 놓인 <STABLE>을 비용을 내지 않고 지을 수 있습니다.",,e,occupations,https://boardgamegeek.com/geeksearch.php?action=search&objecttype=boardgameaccessory&q=agricola+Lazybones
E149,밤에 울타리 치는 사람,"마지막 수확을 시작할 때, 다른 플레이어가 아직 치지 않은 울타리를 각각 2개씩까지 가져와 비용을 내지 않고 칠 수 있습니다 (따라서 농장의 울타리가 15개를 넘게 될 수도 있습니다).",,e,occupations,https://boardgamegeek.com/geeksearch.php?action=search&objecttype=boardgameaccessory&q=agricola+Midnight+Fencer
E150,돌 부수는 사람,"돌과 다른 건축 자원을 함께 가져오는 행동 칸은 다른 플레이어의 가족 말이 있어도 이용할 수 있습니다. 돌집에 방을 만들 때, <STONE> 2개를 적게 냅니다.",,e,occupations,https://boardgamegeek.com/geeksearch.php?action=search&objecttype=boardgameaccessory&q=agricola+Rock+Beater
E151,조산사,"게임 중 1번, 모든 종류의 가축을 키우고 있다면, 빈 방이 없어도  급하지 않은 가족 늘리기  행동 칸을 이용할 수 있습니다.",,e,occupations,https://boardgamegeek.com/geeksearch.php?action=search&objecttype=boardgameaccessory&q=agricola+Delivery+Nurse
E152,할인 품목 찾는 사람,"매 라운드가 시작될 때, 개인 창고에서 <FOOD> 1개를  유랑극단  누적 칸에 놓으면, 비용을 내고 보조 설비 1개를 내려놓을 수 있습니다.",,e,occupations,https://boardgamegeek.com/geeksearch.php?action=search&objecttype=boardgameaccessory&q=agricola+Bargain+Hunter
E153,돌 조각가,"수확 때마다 1번씩, <STONE> 1개를 <FOOD> 1개와 추가 <SCORE> 1점으로 바꿀 수 있습니다.",,e,occupations,https://boardgamegeek.com/geeksearch.php?action=search&objecttype=boardgameaccessory&q=agricola+Stone+Sculptor
E154,변경백,"돌집에 살고 있다면, 아무 플레이어가 집을 고칠 때마다 <FOOD> 2개를 가져오고, 점수를 계산할 때에는 나무집과 흙집마다 추가 <SCORE> 1점씩을 받습니다.",,e,occupations,https://boardgamegeek.com/geeksearch.php?action=search&objecttype=boardgameaccessory&q=agricola+Margrave
E155,몽상가,"4라운드 내에 이 카드를 내려놓았다면, <STONE> 1개, <VEGETABLE> 1개, <PIG> 2마리를 가져옵니다. 다른 모든 플레이어가 이미 가족 구성원을 늘리지 않았다면 11라운드까지 가족 구성원을 늘릴 수 없습니다.",,e,occupations,https://boardgamegeek.com/geeksearch.php?action=search&objecttype=boardgameaccessory&q=agricola+Visionary
E156,흙 채굴장 주인,"다른 플레이어가 비용에 <CLAY>이 적힌 설비를 내려놓을 때마다, <FOOD> 1개와 <CLAY> 1개를 가져옵니다.",,e,occupations,https://boardgamegeek.com/geeksearch.php?action=search&objecttype=boardgameaccessory&q=agricola+Claypit+Owner
E157,용익물권자,"이 직업이 1번째로 내려놓은 직업이라면, 이 카드를 놓을 때 즉시 다른 플레이어가 내려놓은 직업 수만큼 <FOOD>을 가져옵니다. 이 카드로는 <FOOD>를 한 번에 7개까지만 가져올 수 있습니다.",,e,occupations,https://boardgamegeek.com/geeksearch.php?action=search&objecttype=boardgameaccessory&q=agricola+Usufructuary
E158,돌 관리인,"일하기 단계가 끝날 때마다, 돌이 있는 돌 누적 칸 수만큼 <FOOD>을 가져옵니다.",,e,occupations,https://boardgamegeek.com/geeksearch.php?action=search&objecttype=boardgameaccessory&q=agricola+Stone+Custodian
E159,늙은 구두쇠,"수확 중 가족 먹여살리기 단계에서, 가족을 먹여살릴 때 필요한 <FOOD> 양이 각각 1개씩 줄어듭니다. 점수를 계산할 때, 가족 구성원 1명당 3점 대신 2점씩을 받습니다.",,e,occupations,https://boardgamegeek.com/geeksearch.php?action=search&objecttype=boardgameaccessory&q=agricola+Old+Miser
E160,다시마 모으는 사람,"다른 플레이어가  낚시  누적 칸을 이용할 때마다, 해당 플레이어는 <FOOD> 1개를 추가로 가져가고 이 카드를 내려놓은 플레이어는 <VEGETABLE> 1개를 가져갑니다.",,e,occupations,https://boardgamegeek.com/geeksearch.php?action=search&objecttype=boardgameaccessory&q=agricola+Kelp+Gatherer
E161,고참 제빵사,"이 카드는 이 카드를 놓은 사람만 이용할 수 있는 행동 칸입니다. 이 행동 칸을 이용할 때, <GRAIN> 3개를 가져옵니다.  보조 설비  행동으로도  돌가마  주요 설비를 지을 수 있습니다.",,e,occupations,https://boardgamegeek.com/geeksearch.php?action=search&objecttype=boardgameaccessory&q=agricola+Elder+Baker
E162,사업가,"매 라운드가 시작될 때, 이 카드 위에 <FOOD> 1개를 놓거나 이 카드 위의 <FOOD> 1개를 버리면, 갖고 있지 않은 건축 자원 1개를 가져옵니다.",,e,occupations,https://boardgamegeek.com/geeksearch.php?action=search&objecttype=boardgameaccessory&q=agricola+Entrepreneur
E163,여성 후원자,"다음부터 직업을 내려놓을 때, 건축 자원 1개를 가져옵니다.",,e,occupations,https://boardgamegeek.com/geeksearch.php?action=search&objecttype=boardgameaccessory&q=agricola+Patroness
E164,산 속 쟁기꾼,"밭을 1개 이상 일굴 때마다, 일군 밭의 수만큼 <SHEEP>을 가져옵니다.",,e,occupations,https://boardgamegeek.com/geeksearch.php?action=search&objecttype=boardgameaccessory&q=agricola+Mountain+Plowman
E165,숙련 사냥꾼,이 카드를 놓을 때와 주요 설비를 지을 때마다 <PIG> 1마리를 가져옵니다.,,e,occupations,https://boardgamegeek.com/geeksearch.php?action=search&objecttype=boardgameaccessory&q=agricola+Master+Huntsman
E166,고기 굽기 명인,"유랑극단 / 낚시  누적 칸을 이용할 때, 해당 칸의 <FOOD> 1개를  낚시 / 유랑극단  누적 칸에 놓고 <CATTLE> 1마리를 가져올 수 있습니다.",,e,occupations,https://boardgamegeek.com/geeksearch.php?action=search&objecttype=boardgameaccessory&q=agricola+Roastmaster
E167,낙농업 홍보인,"이 카드를 놓을 때, 모든 플레이어는 각자 <SHEEP> 2마리 또는 <FOOD> 2개를 가져갑니다. 이 카드를 낸 플레이어는 <CATTLE> 1마리도 함께 가져갑니다.",,e,occupations,https://boardgamegeek.com/geeksearch.php?action=search&objecttype=boardgameaccessory&q=agricola+Dairy+Crier
E168,동물 조련 견습생,"매 라운드가 시작될 때마다, 집의 빈 나무/흙/돌방 수만큼 <SHEEP>/<PIG>/<CATTLE>를 가져옵니다.",,e,occupations,https://boardgamegeek.com/geeksearch.php?action=search&objecttype=boardgameaccessory&q=agricola+Animal+Tamer's+Apprentice
E001,트인 헛간,즉시 외양간을 3개까지 비용을 내지 않고 만들 수 있습니다. (이 카드의 비용은 내야 합니다),,e,minorImprovements,https://boardgamegeek.com/geeksearch.php?action=search&objecttype=boardgameaccessory&q=agricola+Pole+Barns
E002,재건축 소재,비용을 내지 않고 즉시 집을 흙집으로 고칩니다. (이 카드의 비용은 내야 합니다),,e,minorImprovements,https://boardgamegeek.com/geeksearch.php?action=search&objecttype=boardgameaccessory&q=agricola+Renovation+Materials
E003,티 타임,즉시  곡식 활용  행동 칸의 내 가족 말을 가져옵니다. 가져온 가족 말은 이번 라운드에 다시 놓을 수 있습니다.,,e,minorImprovements,https://boardgamegeek.com/geeksearch.php?action=search&objecttype=boardgameaccessory&q=agricola+Tea+Time
E004,벼락,"즉시 밭 1개의 <GRAIN>을 모두 공동 창고로 되돌리고, 되돌린 <GRAIN>마다 <나무> 2개씩을 가져옵니다.",,e,minorImprovements,https://boardgamegeek.com/geeksearch.php?action=search&objecttype=boardgameaccessory&q=agricola+Thunderbolt
E005,밤의 약탈품,${action_space}에서 ${resources_desc} 가져가기,,e,minorImprovements,https://boardgamegeek.com/geeksearch.php?action=search&objecttype=boardgameaccessory&q=agricola+Night+Loot
E006,회상,즉시 개인 창고에 4개 이상 있는 건축 자원을 각각 1개씩 가져옵니다.,,e,minorImprovements,https://boardgamegeek.com/geeksearch.php?action=search&objecttype=boardgameaccessory&q=agricola+Recount
E007,품퍼니켈,"즉시 <FOOD> 4개를 가져옵니다. (실질적으로, <GRAIN> 1개를 <FOOD> 4개로 바꿉니다.)",,e,minorImprovements,https://boardgamegeek.com/geeksearch.php?action=search&objecttype=boardgameaccessory&q=agricola+Pumpernickel
E008,농산물 직판장,"즉시 <VEGETABLE> 1개를 가져옵니다. (실질적으로, <FOOD> 2개를 <VEGETABLE> 1개로 바꿉니다.)",,e,minorImprovements,https://boardgamegeek.com/geeksearch.php?action=search&objecttype=boardgameaccessory&q=agricola+Farmers+Market
E009,물물교환 오두막,"2번까지, 즉시 건축 자원 2/3/4개를 내고 공동 창고에서 <SHEEP>/<PIG>/<CATTLE> 1마리를 가져올 수 있습니다.",,e,minorImprovements,https://boardgamegeek.com/geeksearch.php?action=search&objecttype=boardgameaccessory&q=agricola+Bartering+Hut
E010,밀짚모자,"3, 6라운드의 일하기 단계가 끝날 때,  농지  행동 칸의 내 가족 말을 빈 행동 칸으로 옮기고 그 행동 칸을 이용하거나, <FOOD> 1개를 가져올 수 있습니다.",,e,minorImprovements,https://boardgamegeek.com/geeksearch.php?action=search&objecttype=boardgameaccessory&q=agricola+Straw+Hat
E011,페팅 동물원,"집에 인접한 우리가 있는 동안, 집에 있는 방의 수까지 이 카드 위에 가축을 키울 수 있습니다.",,e,minorImprovements,https://boardgamegeek.com/geeksearch.php?action=search&objecttype=boardgameaccessory&q=agricola+Petting+Zoo
E012,가축용 깔개,"울타리를 치지 않은 외양간에는 (같은 종류의) 가축 1마리씩을, 외양간이 있는 우리에는 (같은 종류의) 가축 2마리씩을 더 키울 수 있습니다.",,e,minorImprovements,https://boardgamegeek.com/geeksearch.php?action=search&objecttype=boardgameaccessory&q=agricola+Animal+Bedding
E013,돌집 재건축,"아무 때나, 가족 말을 놓지 않고 흙집을 돌집으로 고칠 수 있습니다. (집을 고치는 비용은 내야 합니다)",,e,minorImprovements,https://boardgamegeek.com/geeksearch.php?action=search&objecttype=boardgameaccessory&q=agricola+Stone+House+Reconstruction
E014,나무톱,"다른 모든 플레이어의 가족 구성원 수가 나보다 많을 때마다, 가족 말을 놓지 않고  방 만들기  행동을 할 수 있습니다.",,e,minorImprovements,https://boardgamegeek.com/geeksearch.php?action=search&objecttype=boardgameaccessory&q=agricola+Wood+Saw
E015,못 바구니,"나무 누적 칸을 이용한 뒤, 개인 창고의 <STONE> 1개를 이용한 누적 칸에 내고  울타리 치기  행동을 할 수 있습니다.",,e,minorImprovements,https://boardgamegeek.com/geeksearch.php?action=search&objecttype=boardgameaccessory&q=agricola+Nail+Basket
E016,가시덤불 울타리,농장판 테두리에 치는 울타리에는 나무를 내지 않아도 됩니다.,,e,minorImprovements,https://boardgamegeek.com/geeksearch.php?action=search&objecttype=boardgameaccessory&q=agricola+Briar+Hedge
E017,흙 벗기는 쟁기,"농지  또는  밭 농사  행동 칸을 이용할 때, 밭 1개 대신 2개를 일굴 수 있습니다. 씨를 뿌릴 때마다, 씨를 뿌린 밭에 물건을 1개씩 적게 놓습니다.",,e,minorImprovements,https://boardgamegeek.com/geeksearch.php?action=search&objecttype=boardgameaccessory&q=agricola+Skimmer+Plow
E018,씨앗 모음,"다음부터 보조 설비를 내려놓을 때, <FOOD> 1개를 내고 밭 1개를 일굴 수 있습니다.",,e,minorImprovements,https://boardgamegeek.com/geeksearch.php?action=search&objecttype=boardgameaccessory&q=agricola+Seed+Almanac
E019,소 모는 막대,"소 시장  누적 칸을 이용한 뒤, <FOOD> 2개를 내면 밭 1개를 일굴 수 있습니다.",,e,minorImprovements,https://boardgamegeek.com/geeksearch.php?action=search&objecttype=boardgameaccessory&q=agricola+Ox+Goad
E020,철 괭이,"일하기 단계가 끝날 때,  곡식 종자  행동 칸과  채소 종자  행동 칸 모두에 내 가족 말이 있다면 밭 1개를 일굴 수 있습니다.",,e,minorImprovements,https://boardgamegeek.com/geeksearch.php?action=search&objecttype=boardgameaccessory&q=agricola+Iron+Hoe
E021,양모 깔개,다른 플레이어의 가족 말이 있어도 아무  가족 늘리기  행동 칸을 이용할 수 있습니다.,,e,minorImprovements,https://boardgamegeek.com/geeksearch.php?action=search&objecttype=boardgameaccessory&q=agricola+Sheep+Rug
E022,객실,"즉시 개인 창고에서 <FOOD>을 이 카드 위에 원하는 만큼 놓습니다. 라운드당 1번, 이 카드 위의 <FOOD> 1개을 버리면 그 라운드에서 개인 창고의 가족 말 1개를 놓을 수 있습니다.",,e,minorImprovements,https://boardgamegeek.com/geeksearch.php?action=search&objecttype=boardgameaccessory&q=agricola+Guest+Room
E023,양봉장,"일하기 단계가 끝날 때마다, 정확히 밭 1개에 한 번 씨를 뿌릴 수 있습니다.",,e,minorImprovements,https://boardgamegeek.com/geeksearch.php?action=search&objecttype=boardgameaccessory&q=agricola+Apiary
E024,야망,"행동 칸에서  보조 설비  행동을 할 때, 보조 설비를 내려놓는 대신 주요 설비를 지을 수도 있습니다.",,e,minorImprovements,https://boardgamegeek.com/geeksearch.php?action=search&objecttype=boardgameaccessory&q=agricola+Ambition
E025,풍작 작물,"이 카드를 놓을 때, 즉시 내 농장에서만 수확의 농장 단계를 진행합니다.",,e,minorImprovements,https://boardgamegeek.com/geeksearch.php?action=search&objecttype=boardgameaccessory&q=agricola+Bumper+Crop
E026,해시계,"7, 9라운드의 일하기 단계가 끝날 때, 가족 말을 놓지 않고  씨 뿌리기  행동을 할 수 있습니다.",,e,minorImprovements,https://boardgamegeek.com/geeksearch.php?action=search&objecttype=boardgameaccessory&q=agricola+Sundial
E027,돼지저금통,"일하기 단계가 끝날 때마다, 이 카드 위에 <FOOD> 1개를 놓을 수 있습니다. 이렇게 놓은 물건은 다시 가져올 수 없습니다. 아무 때나, 이 카드 위에서 <FOOD> 6개를 버리면 주요 설비 1개를 비용을 내지 않고 지을 수 있습니다.",,e,minorImprovements,https://boardgamegeek.com/geeksearch.php?action=search&objecttype=boardgameaccessory&q=agricola+Piggy+Bank
E028,책갈피,"현재 라운드에 3을 더한 라운드 칸에 표시를 합니다. 해당 라운드가 시작될 때, 비용을 내지 않고 직업 1개를 내려놓을 수 있습니다.",,e,minorImprovements,https://boardgamegeek.com/geeksearch.php?action=search&objecttype=boardgameaccessory&q=agricola+Bookmark
E029,가보,(이 카드에는 추가 효과가 없습니다),,e,minorImprovements,https://boardgamegeek.com/geeksearch.php?action=search&objecttype=boardgameaccessory&q=agricola+Heirloom
E030,아동용 장난감,"수확 중 가족 먹여살리기 단계에서, 신생아를 먹여살릴 때 필요한 <FOOD> 양이 각각 1개 대신 2개가 됩니다.",,e,minorImprovements,https://boardgamegeek.com/geeksearch.php?action=search&objecttype=boardgameaccessory&q=agricola+Child's+Toy
E031,의자 씌우개,"다음부터 설비를 짓거나 내려놓을 때, <REED> 1개를 이 카드 위에 놓고 추가 <SCORE> 1점을 받을 수 있습니다. 이렇게 놓은 물건은 다시 가져올 수 없습니다. 이 추가 점수는 집에 있는 방의 수까지만 받을 수 있습니다.",,e,minorImprovements,https://boardgamegeek.com/geeksearch.php?action=search&objecttype=boardgameaccessory&q=agricola+Upholstery
E032,회중석,"점수를 계산할 때, 방이 1개 이상 있는 농장판의 세로줄마다 추가 <SCORE> 1점씩을 받습니다.",,e,minorImprovements,https://boardgamegeek.com/geeksearch.php?action=search&objecttype=boardgameaccessory&q=agricola+Nave
E033,비버 서식지,"이제부터, 외양간이 있는 우리 중 최소 1개는 가축을 수용하지 않은 채로 두어야 합니다. 행동 칸에서 <REED>를 가져올 때마다, 추가 <SCORE> 1점을 받습니다.",,e,minorImprovements,https://boardgamegeek.com/geeksearch.php?action=search&objecttype=boardgameaccessory&q=agricola+Beaver+Colony
E034,토지 등록,"점수를 계산할 때, 농장에 빈칸이 없다면 추가 <SCORE> 2점을 받습니다.",,e,minorImprovements,https://boardgamegeek.com/geeksearch.php?action=search&objecttype=boardgameaccessory&q=agricola+Land+Register
E035,인간혐오,"점수를 계산할 때, 가족 구성원이 4/3/2명이면 추가 <SCORE> 2/3/5점을 받습니다.",,e,minorImprovements,https://boardgamegeek.com/geeksearch.php?action=search&objecttype=boardgameaccessory&q=agricola+Misanthropy
E036,약초 정원,"이제부터, 우리 중 최소 1개는 가축을 수용하지 않은 채로 두어야 합니다.",,e,minorImprovements,https://boardgamegeek.com/geeksearch.php?action=search&objecttype=boardgameaccessory&q=agricola+Herbal+Garden
E037,황소 두개골,"점수를 계산할 때, <CATTLE>가 없다면 추가 <SCORE> 3점을 받습니다.",,e,minorImprovements,https://boardgamegeek.com/geeksearch.php?action=search&objecttype=boardgameaccessory&q=agricola+Ox+Skull
E038,낚싯대 모음,"낚시  행동 칸을 이용할 때, <나무> 2개를 이 카드 위에 놓을 수 있습니다. 이렇게 놓은 물건은 다시 가져올 수 없습니다. 점수를 계산할 때, 1/4/7/10번째를 제외한 이 카드 위의 <나무>마다 추가 <SCORE> 1점씩을 받습니다.",,e,minorImprovements,https://boardgamegeek.com/geeksearch.php?action=search&objecttype=boardgameaccessory&q=agricola+Rod+Collection
E039,그림붓,"수확 때마다 1번씩, <CLAY> 1개를 <FOOD> 2개 또는 추가 <SCORE> 1점으로 바꿀 수 있습니다.",,e,minorImprovements,https://boardgamegeek.com/geeksearch.php?action=search&objecttype=boardgameaccessory&q=agricola+Paintbrush
E040,벌 조각상,"이 카드 위에 <VEGETABLE>, <STONE>, <GRAIN>, <STONE>, <GRAIN>을 순서대로 쌓습니다.  날품팔이  행동 칸을 이용할 때마다, 맨 위에 있는 물건을 가져옵니다.",,e,minorImprovements,https://boardgamegeek.com/geeksearch.php?action=search&objecttype=boardgameaccessory&q=agricola+Bee+Statue
E041,흙탕물,남은 모든 짝수 라운드 칸에 <FOOD>부터 시작하여  <FOOD> 1개와 <CLAY> 1개를 교대로 놓습니다. 해당 라운드가 시작될 때마다 이 물건을 가져옵니다.,,e,minorImprovements,https://boardgamegeek.com/geeksearch.php?action=search&objecttype=boardgameaccessory&q=agricola+Muddy+Waters
E042,배수로,"다음 라운드 칸 3개에 <CATTLE> 1마리, <GRAIN> 1개, <CATTLE> 1마리를 순서대로 놓습니다. 해당 라운드가 시작될 때마다 이 물건을 가져옵니다.",,e,minorImprovements,https://boardgamegeek.com/geeksearch.php?action=search&objecttype=boardgameaccessory&q=agricola+Water+Gully
E043,헛간 고양이,"외양간이 1/2/3/4개 있다면, 다음 라운드 칸 2/3/4/5개에 <FOOD> 1개씩을 놓습니다. 해당 라운드가 시작될 때마다 이 <FOOD>을 가져옵니다.",,e,minorImprovements,https://boardgamegeek.com/geeksearch.php?action=search&objecttype=boardgameaccessory&q=agricola+Barn+Cats
E044,근대,남은 모든 홀수 라운드 칸에 <FOOD> 1개를 놓습니다. 해당 라운드가 시작될 때마다 이 <FOOD>을 가져옵니다.,,e,minorImprovements,https://boardgamegeek.com/geeksearch.php?action=search&objecttype=boardgameaccessory&q=agricola+Fodder+Beets
E045,과일 사다리,남은 모든 짝수 라운드 칸에 <FOOD> 1개를 놓습니다. 해당 라운드가 시작될 때마다 이 <FOOD>을 가져옵니다.,,e,minorImprovements,https://boardgamegeek.com/geeksearch.php?action=search&objecttype=boardgameaccessory&q=agricola+Fruit+Ladder
E046,수련이 핀 연못,다음 라운드 칸 2개에 <FOOD> 1개를 놓습니다. 해당 라운드가 시작될 때마다 이 <FOOD>을 가져옵니다.,,e,minorImprovements,https://boardgamegeek.com/geeksearch.php?action=search&objecttype=boardgameaccessory&q=agricola+Waterlily+Pond
E047,수액 채취기,"행동 칸에서 <나무>를 1개 이상 가져올 때마다, 다음 라운드 칸에 <FOOD> 1개를 놓습니다. 해당 라운드가 시작될 때 이 <FOOD>을 가져옵니다.",,e,minorImprovements,https://boardgamegeek.com/geeksearch.php?action=search&objecttype=boardgameaccessory&q=agricola+Syrup+Tap
E048,마을 회관,"수확 중 가족 먹여살리기 단계마다, 흙집/돌집에 살고 있다면 <FOOD> 1/2개를 가져옵니다.",,e,minorImprovements,https://boardgamegeek.com/geeksearch.php?action=search&objecttype=boardgameaccessory&q=agricola+Town+Hall
E049,양날 공구,"아무 플레이어(이 카드를 낸 플레이어 포함)가 나무집에 1개 이상 방을 만들 때마다, <FOOD> 1개를 가져옵니다.",,e,minorImprovements,https://boardgamegeek.com/geeksearch.php?action=search&objecttype=boardgameaccessory&q=agricola+Twibil
E050,산나물,"씨를 뿌릴 때마다, 씨를 뿌린 물건 종류만큼 <FOOD>을 가져옵니다.",,e,minorImprovements,https://boardgamegeek.com/geeksearch.php?action=search&objecttype=boardgameaccessory&q=agricola+Wild+Greens
E051,고래기름,"낚시  누적 칸을 이용할 때마다, 공동 창고에서 <FOOD> 1개를 가져와 이 카드 위에 놓습니다. 직업을 내려놓을 때마다, 비용을 내기 전에 이 카드 위의 음식 수만큼 <FOOD>를 가져옵니다.",,e,minorImprovements,https://boardgamegeek.com/geeksearch.php?action=search&objecttype=boardgameaccessory&q=agricola+Whale+Oil
E052,좁은 놀이 공간,"방을 지을 때마다, 지은 방의 수만큼 공동 창고에서 <FOOD>을 가져와 이 카드 위에 놓습니다. 가족 먹여살리기 단계가 시작될 때마다, 이 카드 위의 음식 수만큼 <FOOD>를 가져옵니다.",,e,minorImprovements,https://boardgamegeek.com/geeksearch.php?action=search&objecttype=boardgameaccessory&q=agricola+Cubbyhole
E053,멧돼지 창,"번식 단계가 아닐 때 <PIG>를 1마리 이상 가져온다면, 가져온 멧돼지를 즉시 각각 <FOOD> 4개씩으로 바꿀 수 있습니다.",,e,minorImprovements,https://boardgamegeek.com/geeksearch.php?action=search&objecttype=boardgameaccessory&q=agricola+Boar+Spear
E054,밀수품,"이 카드 이후에 설비를 내려놓을 때마다, 설비에 적힌 비용의 건축 자원 중 1개를 더 내고 <FOOD> 3개를 가져올 수도 있습니다.",,e,minorImprovements,https://boardgamegeek.com/geeksearch.php?action=search&objecttype=boardgameaccessory&q=agricola+Contraband
E055,돌 어살,"낚시  누적 칸을 이용할 때, 해당 누적 칸의 <FOOD>가 0/1/2/3개라면, 공동 창고에서 <FOOD> 4/3/2/1개를 가져옵니다.",,e,minorImprovements,https://boardgamegeek.com/geeksearch.php?action=search&objecttype=boardgameaccessory&q=agricola+Stone+Weir
E056,로마식 항아리,"공동 창고에서 <FOOD> 4개를 가져와 이 카드 위에 놓습니다. 일하기 단계가 시작될 때마다, 차례 순서가 맨 마지막이라면, 이 카드 위의 <FOOD> 1개를 개인 창고로 가져옵니다.",,e,minorImprovements,https://boardgamegeek.com/geeksearch.php?action=search&objecttype=boardgameaccessory&q=agricola+Roman+Pot
E057,치즈 퐁듀,"빵 굽기  행동으로 <GRAIN> 1개 이상을 낼 때, <SHEEP>이 있다면 <FOOD> 1개를 추가로,  <CATTLE>이 있다면 <FOOD> 1개를 추가로 가져옵니다. (두 효과를 동시에 받을 수도 있습니다)",,e,minorImprovements,https://boardgamegeek.com/geeksearch.php?action=search&objecttype=boardgameaccessory&q=agricola+Cheese+Fondue
E058,점심 맥주,"수확 단계가 시작될 때, 농장 단계와 번식 단계를 건너뛰는 대신 음식 1개를 가져올 수도 있습니다.",,e,minorImprovements,https://boardgamegeek.com/geeksearch.php?action=search&objecttype=boardgameaccessory&q=agricola+Lunchtime+Beer
E059,이발기 날,"날품팔이  행동 칸을 이용할 때마다,  양 시장  누적 칸의 <SHEEP> 수만큼 <FOOD>을 추가로 가져옵니다. 이 카드로 한 번에 가져올 수 있는 <FOOD>은 최대 4개까지입니다.",,e,minorImprovements,https://boardgamegeek.com/geeksearch.php?action=search&objecttype=boardgameaccessory&q=agricola+Comb+and+Cutter
E060,작업용 장갑,"이 카드를 놓을 때, 즉시 <FOOD> 1개를 가져옵니다. 직업 비용을 낼 때, <FOOD> 2개까지 대신 (<STONE>을 제외한) 건축 자원 1개를 낼 수 있습니다.",,e,minorImprovements,https://boardgamegeek.com/geeksearch.php?action=search&objecttype=boardgameaccessory&q=agricola+Working+Gloves
E061,상자 텃밭,수확 단계가 시작될 때마다 <FOOD> 4개를 가져옵니다.,,e,minorImprovements,https://boardgamegeek.com/geeksearch.php?action=search&objecttype=boardgameaccessory&q=agricola+Raised+Bed
E062,사워도우,"라운드당 1번, 아직 놓을 수 있는 가족 말이 모든 플레이어에게 남아있다면, 가족 말을 놓는 대신  빵 굽기  행동을 할 수 있습니다.",,e,minorImprovements,https://boardgamegeek.com/geeksearch.php?action=search&objecttype=boardgameaccessory&q=agricola+Sour+Dough
E063,철가마,"이 카드를 놓을 때, 즉시  빵 굽기  행동을 할 수 있습니다.",,e,minorImprovements,https://boardgamegeek.com/geeksearch.php?action=search&objecttype=boardgameaccessory&q=agricola+Iron+Oven
E064,단순한 가마,"이 카드를 놓을 때, 즉시  빵 굽기  행동을 할 수 있습니다.",,e,minorImprovements,https://boardgamegeek.com/geeksearch.php?action=search&objecttype=boardgameaccessory&q=agricola+Simple+Oven
E065,구호금 주머니,"이 카드를 놓을 때, 즉시 완료된 라운드 수 절반(소수점 버림)만큼 <GRAIN>을 가져옵니다.",,e,minorImprovements,https://boardgamegeek.com/geeksearch.php?action=search&objecttype=boardgameaccessory&q=agricola+Almsbag
E066,헛간 창고,"다른 플레이어가 (1인 게임에서는 내가)  숲  누적 칸을 이용할 때마다, <GRAIN> 1개를 가져옵니다.",,e,minorImprovements,https://boardgamegeek.com/geeksearch.php?action=search&objecttype=boardgameaccessory&q=agricola+Barn+Shed
E067,곡식 주머니,"곡식 종자  행동 칸을 이용할 때, <GRAIN>을 <BAKE> 설비 수만큼 추가로 가져옵니다.",,e,minorImprovements,https://boardgamegeek.com/geeksearch.php?action=search&objecttype=boardgameaccessory&q=agricola+Grain+Bag
E068,체리 과수원,"이 카드는 나무만 심을 수 있는 밭으로 기능합니다. 이 카드에는 곡식처럼 나무를 심고 수확합니다. 이 카드 위의 마지막 <나무>를 수확할 때마다, <VEGETABLE> 1개를 추가로 가져옵니다.",,e,minorImprovements,https://boardgamegeek.com/geeksearch.php?action=search&objecttype=boardgameaccessory&q=agricola+Cherry+Orchard
E069,멜론 밭,"이 카드는 채소만 심을 수 있는 밭으로 기능합니다. 이 카드 위의 마지막 <VEGETABLE>을 수확할 때마다, 밭 1개를 일굴 수 있습니다.",,e,minorImprovements,https://boardgamegeek.com/geeksearch.php?action=search&objecttype=boardgameaccessory&q=agricola+Melon+Patch
E070,윤작용 밭,"이 카드는 밭으로 기능합니다. 이 카드 위의 마지막 <GRAIN>/<VEGETABLE>을 수확할 때마다, 즉시 이 카드에 <VEGETABLE>/<GRAIN>을 심을 수 있습니다.",,e,minorImprovements,https://boardgamegeek.com/geeksearch.php?action=search&objecttype=boardgameaccessory&q=agricola+Crop+Rotation+Field
E071,소똥,"우리와 인접한 밭에 씨를 뿌릴 때마다, 심은 물건을 씨를 뿌린 밭에 1개 더 놓을 수 있습니다.",,e,minorImprovements,https://boardgamegeek.com/geeksearch.php?action=search&objecttype=boardgameaccessory&q=agricola+Cow+Patty
E072,아티초크 밭,"이 카드는 밭으로 기능합니다. 매 수확의 농장 단계에서, 이 카드에서 물건을 1개 이상 수확했다면 <FOOD> 1개를 추가로 가져옵니다.",,e,minorImprovements,https://boardgamegeek.com/geeksearch.php?action=search&objecttype=boardgameaccessory&q=agricola+Artichoke+Field
E073,큰낫,"이 카드를 내려놓으면 즉시 <GRAIN> 1개를 가져옵니다. 수확 중 농장 단계에서, 곡식밭에서 <GRAIN> 1개씩을 추가로 수확할 수 있습니다.",,e,minorImprovements,https://boardgamegeek.com/geeksearch.php?action=search&objecttype=boardgameaccessory&q=agricola+Scythe
E074,물푸레나무,"이 카드를 놓을 때, 즉시 개인 창고에서 울타리 5개를 이 카드 위에 놓습니다 (부족하면 전부 놓습니다). 울타리를 칠 때, 이 카드에서 가져오는 울타리의 비용은 내지 않습니다.",,e,minorImprovements,https://boardgamegeek.com/geeksearch.php?action=search&objecttype=boardgameaccessory&q=agricola+Ash+Trees
E075,돌도끼,"나무 누적 칸을 이용할 때, <STONE> 1개를 공동 창고로 되돌리고 <나무> 3개를 추가로 가져올 수 있습니다.",,e,minorImprovements,https://boardgamegeek.com/geeksearch.php?action=search&objecttype=boardgameaccessory&q=agricola+Stone+Axe
E076,목재 더미,"이 카드를 놓을 때, 즉시 농장의 <STABLE> 3개까지를 개인 창고로 되돌리고, 되돌린 외양간마다 <나무> 3개씩을 가져올 수 있습니다.",,e,minorImprovements,https://boardgamegeek.com/geeksearch.php?action=search&objecttype=boardgameaccessory&q=agricola+Lumber+Pile
E077,곡괭이,"행동 칸에서 <REED> 또는 <STONE>을 가져올 때마다, <CLAY> 1개를 추가로 가져옵니다.",,e,minorImprovements,https://boardgamegeek.com/geeksearch.php?action=search&objecttype=boardgameaccessory&q=agricola+Mattock
E078,손기술,"이 카드를 놓을 때, 즉시 건축 자원 4개까지를 같은 수의 다른 건축 자원으로 바꿀 수 있습니다.",,e,minorImprovements,https://boardgamegeek.com/geeksearch.php?action=search&objecttype=boardgameaccessory&q=agricola+Sleight+of+Hand
E079,야전삽,"밭 1개 이상에 씨를 뿌린 뒤마다, <STONE> 1개를 가져옵니다.",,e,minorImprovements,https://boardgamegeek.com/geeksearch.php?action=search&objecttype=boardgameaccessory&q=agricola+Field+Spade
E080,바위 정원,"이 카드에는 <STONE>만 심을 수 있습니다. 밭 3개처럼 이 카드에 돌을 심을 수 있지만, 이 카드는 밭 1개로 취급합니다. 이 카드에는 채소처럼 <STONE>을 심고 수확합니다.",,e,minorImprovements,https://boardgamegeek.com/geeksearch.php?action=search&objecttype=boardgameaccessory&q=agricola+Rock+Garden
E081,연금술 실험실,이 카드는 아무나 이용할 수 있는 행동 칸입니다. 이 카드를 이용하는 플레이어는 이미 갖고 있는 건축 자원을 각각 1개씩 가져갑니다. 다른 플레이어가 이 카드를 이용할 경우 이 카드의 주인에게 먼저 <FOOD> 1개를 내야 합니다.,,e,minorImprovements,https://boardgamegeek.com/geeksearch.php?action=search&objecttype=boardgameaccessory&q=agricola+Alchemists+Lab
E082,부당 이득 행위,"이 카드를 놓을 때, 즉시 <FOOD> 1개를 가져옵니다.  날품팔이  행동 칸을 이용할 때마다, 건축 자원 1개를 다른 건축 자원 1개로 바꿀 수 있습니다.",,e,minorImprovements,https://boardgamegeek.com/geeksearch.php?action=search&objecttype=boardgameaccessory&q=agricola+Profiteering
E083,양치기의 호루라기,"매 수확의 번식 단계가 시작될 때, 가축이 없고 울타리를 치지 않은 외양간이 있다면, <SHEEP> 1마리를 가져옵니다.",,e,minorImprovements,https://boardgamegeek.com/geeksearch.php?action=search&objecttype=boardgameaccessory&q=agricola+Shepherd's+Whistle
E084,돌리의 어머니,"수확 중 번식 단계에서, 양을 번식시킬 때 <SHEEP>이 1마리만 있어도 됩니다. 이 카드 위에 <SHEEP> 1마리를 키울 수 있습니다.",,e,minorImprovements,https://boardgamegeek.com/geeksearch.php?action=search&objecttype=boardgameaccessory&q=agricola+Dolly's+Mother
